Datetime,Open,High,Low,Close,Volume
2025-08-21 00:00:00+00:00,2.9512,2.9517,2.934,2.9432,4673881.6
2025-08-21 01:00:00+00:00,2.9433,2.952,2.9275,2.9507,4427404.0
2025-08-21 02:00:00+00:00,2.9506,2.9588,2.9129,2.9242,4109702.2
2025-08-21 03:00:00+00:00,2.9242,2.9508,2.9239,2.9299,5030409.1
2025-08-21 04:00:00+00:00,2.9298,2.9408,2.922,2.9305,2668395.9
2025-08-21 05:00:00+00:00,2.9305,2.9328,2.9216,2.9307,3102914.2
2025-08-21 06:00:00+00:00,2.9307,2.9308,2.9032,2.9113,4681338.8
2025-08-21 07:00:00+00:00,2.9113,2.918,2.8922,2.9081,4941468.7
2025-08-21 08:00:00+00:00,2.9082,2.9161,2.8971,2.8973,3776948.2
2025-08-21 09:00:00+00:00,2.8973,2.906,2.8858,2.8932,3004143.0
2025-08-21 10:00:00+00:00,2.8933,2.9052,2.8904,2.9005,2011324.8
2025-08-21 11:00:00+00:00,2.9006,2.916,2.8961,2.9021,2900308.7
2025-08-21 12:00:00+00:00,2.902,2.91,2.8833,2.8904,3159082.9
2025-08-21 13:00:00+00:00,2.8904,2.9206,2.885,2.8964,4670362.2
2025-08-21 14:00:00+00:00,2.8965,2.9236,2.8791,2.8999,6159543.1
2025-08-21 15:00:00+00:00,2.9,2.9036,2.8725,2.8875,5714547.3
2025-08-21 16:00:00+00:00,2.8874,2.9102,2.882,2.8902,3238542.3
2025-08-21 17:00:00+00:00,2.8902,2.9078,2.874,2.9016,3622955.0
2025-08-21 18:00:00+00:00,2.9016,2.9172,2.9007,2.9136,2431339.3
2025-08-21 19:00:00+00:00,2.9136,2.9193,2.8517,2.8682,6114324.3
2025-08-21 20:00:00+00:00,2.8683,2.8879,2.86,2.8801,3648661.7
2025-08-21 21:00:00+00:00,2.88,2.8885,2.8671,2.8845,1868115.0
2025-08-21 22:00:00+00:00,2.8845,2.886,2.8686,2.8746,1488497.9
2025-08-21 23:00:00+00:00,2.8746,2.8747,2.8424,2.8519,3928445.4
2025-08-22 00:00:00+00:00,2.8518,2.8712,2.848,2.8579,3868147.3
2025-08-22 01:00:00+00:00,2.8579,2.8635,2.8388,2.8581,3611036.5
2025-08-22 02:00:00+00:00,2.8582,2.885,2.8531,2.8574,4508186.5
2025-08-22 03:00:00+00:00,2.8574,2.8604,2.8226,2.8331,7337284.7
2025-08-22 04:00:00+00:00,2.833,2.867,2.8309,2.8568,3947853.7
2025-08-22 05:00:00+00:00,2.8569,2.874,2.8517,2.871,1902438.6
2025-08-22 06:00:00+00:00,2.8709,2.8742,2.8456,2.8531,4427781.1
2025-08-22 07:00:00+00:00,2.8532,2.8747,2.8508,2.8601,3807661.9
2025-08-22 08:00:00+00:00,2.8601,2.8764,2.86,2.868,3923827.7
2025-08-22 09:00:00+00:00,2.868,2.8706,2.8508,2.8593,1930768.6
2025-08-22 10:00:00+00:00,2.8594,2.8599,2.8276,2.8325,3590535.0
2025-08-22 11:00:00+00:00,2.8325,2.8338,2.8041,2.8056,8798256.0
2025-08-22 12:00:00+00:00,2.8056,2.8184,2.7826,2.8078,13592792.2
2025-08-22 13:00:00+00:00,2.8078,2.8635,2.8038,2.8404,13351058.1
2025-08-22 14:00:00+00:00,2.8404,3.0411,2.8401,3.005,79903469.6
2025-08-22 15:00:00+00:00,3.0049,3.0436,3.0048,3.0169,17123869.7
2025-08-22 16:00:00+00:00,3.0169,3.0726,3.0162,3.0485,16506416.7
2025-08-22 17:00:00+00:00,3.0486,3.096,3.0485,3.0664,15545201.6
2025-08-22 18:00:00+00:00,3.0664,3.0793,3.0449,3.0792,8985686.9
2025-08-22 19:00:00+00:00,3.0793,3.1,3.0702,3.073,8837044.4
2025-08-22 20:00:00+00:00,3.073,3.091,3.0719,3.0907,5601261.3
2025-08-22 21:00:00+00:00,3.0906,3.1056,3.0759,3.0899,9680457.1
2025-08-22 22:00:00+00:00,3.0899,3.0915,3.0646,3.0768,8645440.7
2025-08-22 23:00:00+00:00,3.0768,3.0816,3.0641,3.0744,5615688.7
2025-08-23 00:00:00+00:00,3.0745,3.0749,3.0382,3.0386,8623522.8
2025-08-23 01:00:00+00:00,3.0386,3.0464,3.0104,3.0259,9063168.7
2025-08-23 02:00:00+00:00,3.0259,3.0306,2.9697,2.9977,12671203.2
2025-08-23 03:00:00+00:00,2.9977,3.0087,2.9842,2.9939,5303786.6
2025-08-23 04:00:00+00:00,2.994,3.0343,2.9932,3.0331,7923299.9
2025-08-23 05:00:00+00:00,3.033,3.059,3.0265,3.052,5318754.5
2025-08-23 06:00:00+00:00,3.052,3.0658,3.0464,3.0644,4317613.3
2025-08-23 07:00:00+00:00,3.0644,3.0756,3.0491,3.0619,4200029.2
2025-08-23 08:00:00+00:00,3.0619,3.0718,3.0434,3.0515,4244296.6
2025-08-23 09:00:00+00:00,3.0516,3.0536,3.0392,3.0479,3231791.0
2025-08-23 10:00:00+00:00,3.0479,3.0494,3.0296,3.0313,3388741.2
2025-08-23 11:00:00+00:00,3.0314,3.0518,3.029,3.0434,3801323.3
2025-08-23 12:00:00+00:00,3.0435,3.0474,3.0307,3.0332,2358494.2
2025-08-23 13:00:00+00:00,3.0332,3.0344,3.0114,3.0154,5759368.9
2025-08-23 14:00:00+00:00,3.0155,3.0326,3.0072,3.0156,4282632.5
2025-08-23 15:00:00+00:00,3.0156,3.0237,3.0125,3.0187,2140902.7
2025-08-23 16:00:00+00:00,3.0187,3.0248,3.0097,3.0206,2241069.5
2025-08-23 17:00:00+00:00,3.0206,3.0255,3.0165,3.0181,2062454.4
2025-08-23 18:00:00+00:00,3.0181,3.0228,3.0158,3.0226,1255894.9
2025-08-23 19:00:00+00:00,3.0227,3.0312,3.0207,3.0297,1449221.6
2025-08-23 20:00:00+00:00,3.0297,3.0345,3.025,3.0323,2079029.6
2025-08-23 21:00:00+00:00,3.0322,3.0343,3.0258,3.0327,2042641.7
2025-08-23 22:00:00+00:00,3.0326,3.05,3.0312,3.0477,3342294.4
2025-08-23 23:00:00+00:00,3.0477,3.058,3.0454,3.0485,2149312.7
2025-08-24 00:00:00+00:00,3.0486,3.0641,3.0465,3.0572,3470409.1
2025-08-24 01:00:00+00:00,3.0572,3.0886,3.0467,3.0736,6871224.9
2025-08-24 02:00:00+00:00,3.0737,3.0797,3.0558,3.0569,4877229.3
2025-08-24 03:00:00+00:00,3.0569,3.0599,3.0443,3.0526,2251095.3
2025-08-24 04:00:00+00:00,3.0526,3.0568,3.0423,3.0515,1574509.1
2025-08-24 05:00:00+00:00,3.0515,3.055,3.0436,3.0499,1565720.3
2025-08-24 06:00:00+00:00,3.05,3.0505,3.0296,3.0318,3246414.9
2025-08-24 07:00:00+00:00,3.0318,3.0476,3.0303,3.0357,1663576.7
2025-08-24 08:00:00+00:00,3.0357,3.0478,3.028,3.0398,2513439.9
2025-08-24 09:00:00+00:00,3.0398,3.0425,3.025,3.0253,3188571.0
2025-08-24 10:00:00+00:00,3.0252,3.0267,3.0029,3.0125,4950661.1
2025-08-24 11:00:00+00:00,3.0125,3.0159,2.9971,3.0087,3996606.6
2025-08-24 12:00:00+00:00,3.0087,3.0194,3.0059,3.0175,2451042.9
2025-08-24 13:00:00+00:00,3.0175,3.0249,3.0122,3.0201,2805430.4
2025-08-24 14:00:00+00:00,3.0202,3.0284,3.0106,3.022,2947669.2
2025-08-24 15:00:00+00:00,3.0219,3.041,3.0118,3.0144,4922681.1
2025-08-24 16:00:00+00:00,3.0144,3.0331,3.0134,3.0306,3076383.4
2025-08-24 17:00:00+00:00,3.0305,3.0648,3.0297,3.0515,4593724.6
2025-08-24 18:00:00+00:00,3.0514,3.1166,3.0461,3.1099,13098978.1
2025-08-24 19:00:00+00:00,3.1098,3.128,2.9911,3.0343,46876717.4
2025-08-24 20:00:00+00:00,3.0344,3.0413,2.987,3.0292,19030808.4
2025-08-24 21:00:00+00:00,3.0293,3.0474,3.0093,3.0289,7378875.2
2025-08-24 22:00:00+00:00,3.0289,3.0355,3.0019,3.0332,4917881.2
2025-08-24 23:00:00+00:00,3.0333,3.0397,3.023,3.0258,5083683.9
2025-08-25 00:00:00+00:00,3.0259,3.0358,2.9736,2.9939,8528429.7
2025-08-25 01:00:00+00:00,2.9939,3.026,2.9931,3.0161,4269945.6
2025-08-25 02:00:00+00:00,3.0162,3.0526,3.0156,3.0443,8664387.7
2025-08-25 03:00:00+00:00,3.0444,3.0535,3.0175,3.0219,5062116.3
2025-08-25 04:00:00+00:00,3.0219,3.0261,3.0036,3.0047,4982017.0
2025-08-25 05:00:00+00:00,3.0047,3.0114,2.9913,2.9922,4812402.8
2025-08-25 06:00:00+00:00,2.9922,2.9942,2.955,2.9551,9914182.7
2025-08-25 07:00:00+00:00,2.9552,2.9682,2.9301,2.9384,9699841.4
2025-08-25 08:00:00+00:00,2.9385,2.953,2.9209,2.9448,7687979.4
2025-08-25 09:00:00+00:00,2.9448,2.9579,2.9349,2.9572,4262462.1
2025-08-25 10:00:00+00:00,2.9573,2.9577,2.9193,2.9309,7234098.9
2025-08-25 11:00:00+00:00,2.931,2.9445,2.9283,2.9429,3692749.6
2025-08-25 12:00:00+00:00,2.9429,2.9646,2.9359,2.9626,3875824.2
2025-08-25 13:00:00+00:00,2.9625,2.9688,2.9276,2.9492,5951992.7
2025-08-25 14:00:00+00:00,2.9493,2.9689,2.9419,2.9674,4433811.2
2025-08-25 15:00:00+00:00,2.9674,2.9744,2.9487,2.9538,4620475.9
2025-08-25 16:00:00+00:00,2.9538,2.9685,2.9433,2.9492,2140478.1
2025-08-25 17:00:00+00:00,2.9492,2.9676,2.9356,2.9639,4419880.1
2025-08-25 18:00:00+00:00,2.964,2.9667,2.9468,2.9603,4185681.7
2025-08-25 19:00:00+00:00,2.9604,2.9617,2.8724,2.8768,15711619.7
2025-08-25 20:00:00+00:00,2.8769,2.8944,2.8258,2.8258,26646808.7
2025-08-25 21:00:00+00:00,2.8258,2.8642,2.8223,2.8506,14328709.2
2025-08-25 22:00:00+00:00,2.8506,2.8693,2.8393,2.8628,7539312.2
2025-08-25 23:00:00+00:00,2.8627,2.8641,2.8479,2.8584,3479051.5
2025-08-26 00:00:00+00:00,2.8584,2.8826,2.8459,2.8596,9313178.0
2025-08-26 01:00:00+00:00,2.8596,2.8855,2.8505,2.884,4491281.0
2025-08-26 02:00:00+00:00,2.8839,2.898,2.8721,2.8829,5778471.3
2025-08-26 03:00:00+00:00,2.8828,2.8961,2.8777,2.885,3871765.0
2025-08-26 04:00:00+00:00,2.885,2.9103,2.885,2.9073,4211853.1
2025-08-26 05:00:00+00:00,2.9074,2.9291,2.9068,2.919,4893271.4
2025-08-26 06:00:00+00:00,2.9189,2.9293,2.9027,2.9108,6432630.0
2025-08-26 07:00:00+00:00,2.9108,2.935,2.9,2.9172,6860088.3
2025-08-26 08:00:00+00:00,2.9171,2.9278,2.9094,2.9112,5774991.8
2025-08-26 09:00:00+00:00,2.9113,2.921,2.9028,2.9097,4100601.0
2025-08-26 10:00:00+00:00,2.9098,2.9156,2.9005,2.9078,2819671.1
2025-08-26 11:00:00+00:00,2.9078,2.9111,2.8904,2.9011,3606083.5
2025-08-26 12:00:00+00:00,2.9012,2.9409,2.8889,2.9179,9057370.8
2025-08-26 13:00:00+00:00,2.9179,2.9241,2.8876,2.9177,8997773.8
2025-08-26 14:00:00+00:00,2.9177,2.9408,2.9049,2.9304,5633276.4
2025-08-26 15:00:00+00:00,2.9303,2.9429,2.9217,2.9331,6357086.4
2025-08-26 16:00:00+00:00,2.933,2.956,2.9261,2.9558,4769394.3
2025-08-26 17:00:00+00:00,2.9558,2.9637,2.9466,2.9626,6860761.9
2025-08-26 18:00:00+00:00,2.9626,2.989,2.9595,2.9804,4332195.6
2025-08-26 19:00:00+00:00,2.9804,3.0817,2.9662,3.0607,18917411.7
2025-08-26 20:00:00+00:00,3.0606,3.0624,3.0162,3.0396,14573963.7
2025-08-26 21:00:00+00:00,3.0395,3.041,3.0181,3.0305,8506712.3
2025-08-26 22:00:00+00:00,3.0304,3.0324,3.0032,3.0133,6483546.8
2025-08-26 23:00:00+00:00,3.0134,3.0273,3.0081,3.0123,3879208.6
2025-08-27 00:00:00+00:00,3.0123,3.0127,2.9853,2.9893,4734065.9
2025-08-27 01:00:00+00:00,2.9894,3.0078,2.9811,3.0033,4114736.0
2025-08-27 02:00:00+00:00,3.0033,3.0091,2.9885,2.9944,4263447.7
2025-08-27 03:00:00+00:00,2.9944,3.014,2.9836,3.0043,6054479.4
2025-08-27 04:00:00+00:00,3.0043,3.0279,3.0016,3.0223,4761033.9
2025-08-27 05:00:00+00:00,3.0222,3.0238,3.0108,3.0148,3322220.0
2025-08-27 06:00:00+00:00,3.0149,3.0152,2.9974,2.9988,3348680.3
2025-08-27 07:00:00+00:00,2.9987,3.0027,2.9846,2.9934,4655763.4
2025-08-27 08:00:00+00:00,2.9934,3.0144,2.9934,3.0143,3028821.3
2025-08-27 09:00:00+00:00,3.0143,3.0235,3.0075,3.0108,2347703.9
2025-08-27 10:00:00+00:00,3.0108,3.0158,2.9964,2.9985,2177071.3
2025-08-27 11:00:00+00:00,2.9986,3.0034,2.9951,2.9984,3474615.2
2025-08-27 12:00:00+00:00,2.9983,3.0057,2.9914,3.0021,3096578.8
2025-08-27 13:00:00+00:00,3.0022,3.0195,2.9882,3.0003,7813315.4
2025-08-27 14:00:00+00:00,3.0004,3.0321,2.9933,3.0055,6538283.1
2025-08-27 15:00:00+00:00,3.0056,3.021,2.9976,3.0169,4246463.1
2025-08-27 16:00:00+00:00,3.017,3.0216,3.0,3.0192,4147058.4
2025-08-27 17:00:00+00:00,3.0191,3.038,3.0108,3.0355,3914798.6
2025-08-27 18:00:00+00:00,3.0354,3.0454,3.0085,3.0085,5575168.0
2025-08-27 19:00:00+00:00,3.0085,3.02,2.9875,3.0053,7654077.0
2025-08-27 20:00:00+00:00,3.0053,3.0286,2.9716,3.0121,22718117.0
2025-08-27 21:00:00+00:00,3.0122,3.0195,2.9801,2.9873,4276483.3
2025-08-27 22:00:00+00:00,2.9873,2.9923,2.9621,2.9791,5034204.5
2025-08-27 23:00:00+00:00,2.979,2.9828,2.9625,2.9688,2973621.4
2025-08-28 00:00:00+00:00,2.9688,2.9792,2.953,2.9694,4034608.0
2025-08-28 01:00:00+00:00,2.9694,2.9894,2.9684,2.9853,2234474.7
2025-08-28 02:00:00+00:00,2.9852,2.9884,2.9708,2.9734,3398840.0
2025-08-28 03:00:00+00:00,2.9733,2.9857,2.9696,2.9819,3519840.3
2025-08-28 04:00:00+00:00,2.982,3.0117,2.9771,3.0076,7169414.2
2025-08-28 05:00:00+00:00,3.0076,3.0133,2.9942,3.0002,6077079.3
2025-08-28 06:00:00+00:00,3.0002,3.0039,2.9898,3.0018,4642266.7
2025-08-28 07:00:00+00:00,3.0018,3.0068,2.9913,3.0035,5284188.8
2025-08-28 08:00:00+00:00,3.0035,3.0161,2.9952,3.0,7655970.2
2025-08-28 09:00:00+00:00,3.0,3.0023,2.9919,2.9998,2660366.9
2025-08-28 10:00:00+00:00,2.9997,3.0073,2.9942,3.0073,2524675.9
2025-08-28 11:00:00+00:00,3.0073,3.0083,2.9994,3.0075,3745427.6
2025-08-28 12:00:00+00:00,3.0076,3.0263,3.0051,3.0195,9340611.2
2025-08-28 13:00:00+00:00,3.0195,3.0257,2.9961,3.0032,8493372.1
2025-08-28 14:00:00+00:00,3.0032,3.02,2.9961,3.0161,5488218.3
2025-08-28 15:00:00+00:00,3.0161,3.0197,2.9706,2.9817,6984573.4
2025-08-28 16:00:00+00:00,2.9816,2.9983,2.9588,2.9589,5618978.5
2025-08-28 17:00:00+00:00,2.9589,2.9836,2.9577,2.98,3129310.4
2025-08-28 18:00:00+00:00,2.9801,2.987,2.9688,2.9787,2296236.7
2025-08-28 19:00:00+00:00,2.9788,2.9854,2.9432,2.9436,5013688.9
2025-08-28 20:00:00+00:00,2.9436,2.963,2.9435,2.9497,3476265.3
2025-08-28 21:00:00+00:00,2.9497,2.9657,2.9476,2.9616,2377175.1
2025-08-28 22:00:00+00:00,2.9616,2.9797,2.961,2.9699,2942727.1
2025-08-28 23:00:00+00:00,2.9699,2.9749,2.9621,2.9665,2487628.7
2025-08-29 00:00:00+00:00,2.9665,2.9768,2.9541,2.9583,2983236.5
2025-08-29 01:00:00+00:00,2.9583,2.9618,2.9385,2.9421,4558880.8
2025-08-29 02:00:00+00:00,2.9421,2.959,2.9375,2.9473,2916938.3
2025-08-29 03:00:00+00:00,2.9473,2.9503,2.9376,2.9381,3765594.6
2025-08-29 04:00:00+00:00,2.9381,2.9404,2.915,2.9176,4458989.3
2025-08-29 05:00:00+00:00,2.9177,2.918,2.8998,2.9102,5671140.3
2025-08-29 06:00:00+00:00,2.9102,2.9123,2.892,2.9007,13771070.2
2025-08-29 07:00:00+00:00,2.9007,2.9007,2.8601,2.8699,12221586.8
2025-08-29 08:00:00+00:00,2.8698,2.8785,2.8495,2.8523,9629583.2
2025-08-29 09:00:00+00:00,2.8524,2.8762,2.8436,2.8757,8112166.4
2025-08-29 10:00:00+00:00,2.8756,2.8869,2.87,2.8765,6696597.5
2025-08-29 11:00:00+00:00,2.8765,2.8822,2.8717,2.8763,4287161.7
2025-08-29 12:00:00+00:00,2.8762,2.9227,2.8757,2.887,10863261.5
2025-08-29 13:00:00+00:00,2.8869,2.8881,2.8353,2.8491,12055703.5
2025-08-29 14:00:00+00:00,2.8491,2.8615,2.8165,2.823,17786167.4
2025-08-29 15:00:00+00:00,2.823,2.8461,2.8218,2.8345,5874368.9
2025-08-29 16:00:00+00:00,2.8344,2.846,2.8184,2.8415,5658968.0
2025-08-29 17:00:00+00:00,2.8414,2.8422,2.814,2.8185,4466296.5
2025-08-29 18:00:00+00:00,2.8185,2.8266,2.8014,2.8101,5717441.5
2025-08-29 19:00:00+00:00,2.81,2.8382,2.803,2.8138,4945987.7
2025-08-29 20:00:00+00:00,2.8138,2.82,2.7841,2.7859,8117258.5
2025-08-29 21:00:00+00:00,2.786,2.82,2.7734,2.8071,8095343.8
2025-08-29 22:00:00+00:00,2.8071,2.8121,2.79,2.812,3035334.6
2025-08-29 23:00:00+00:00,2.812,2.8265,2.8068,2.8195,3742389.4
2025-08-30 00:00:00+00:00,2.8195,2.8248,2.8124,2.8172,2793901.9
2025-08-30 01:00:00+00:00,2.8173,2.8192,2.7604,2.7649,6992582.6
2025-08-30 02:00:00+00:00,2.7649,2.8031,2.7612,2.793,4251415.5
2025-08-30 03:00:00+00:00,2.7931,2.8204,2.7917,2.8127,3208145.6
2025-08-30 04:00:00+00:00,2.8128,2.8225,2.8114,2.8118,2039662.3
2025-08-30 05:00:00+00:00,2.8119,2.8349,2.8098,2.8268,3381311.2
2025-08-30 06:00:00+00:00,2.8269,2.8336,2.8215,2.8275,1879751.7
2025-08-30 07:00:00+00:00,2.8275,2.8344,2.8223,2.832,1657339.6
2025-08-30 08:00:00+00:00,2.832,2.8324,2.8095,2.8106,5538029.6
2025-08-30 09:00:00+00:00,2.8107,2.8117,2.7958,2.8041,4636239.7
2025-08-30 10:00:00+00:00,2.8041,2.8142,2.7996,2.8039,2022789.2
2025-08-30 11:00:00+00:00,2.8039,2.8128,2.8008,2.8102,1515522.5
2025-08-30 12:00:00+00:00,2.8102,2.8108,2.7776,2.7931,4732082.0
2025-08-30 13:00:00+00:00,2.7931,2.7944,2.7746,2.7921,4031413.8
2025-08-30 14:00:00+00:00,2.7922,2.8,2.783,2.7973,3129926.5
2025-08-30 15:00:00+00:00,2.7973,2.8103,2.792,2.8068,2739953.6
2025-08-30 16:00:00+00:00,2.8069,2.8159,2.7989,2.8102,1997929.5
2025-08-30 17:00:00+00:00,2.8102,2.8184,2.8042,2.8068,2120587.8
2025-08-30 18:00:00+00:00,2.8068,2.8115,2.8001,2.8051,1379512.5
2025-08-30 19:00:00+00:00,2.8051,2.8154,2.8037,2.8104,1787516.8
2025-08-30 20:00:00+00:00,2.8104,2.8122,2.8011,2.8053,1797330.2
2025-08-30 21:00:00+00:00,2.8054,2.8091,2.8002,2.8067,1834547.2
2025-08-30 22:00:00+00:00,2.8067,2.8103,2.7992,2.8082,1172070.7
2025-08-30 23:00:00+00:00,2.8083,2.8183,2.8079,2.8181,1573907.6
2025-08-31 00:00:00+00:00,2.818,2.8469,2.818,2.8449,3937850.1
2025-08-31 01:00:00+00:00,2.845,2.8693,2.8367,2.8627,4128698.7
2025-08-31 02:00:00+00:00,2.8627,2.8646,2.8451,2.8475,2183406.2
2025-08-31 03:00:00+00:00,2.8475,2.8527,2.8409,2.852,1623052.8
2025-08-31 04:00:00+00:00,2.852,2.8565,2.8427,2.8475,1984915.7
2025-08-31 05:00:00+00:00,2.8474,2.8474,2.8328,2.8367,1894015.8
2025-08-31 06:00:00+00:00,2.8367,2.8383,2.8227,2.8237,1779886.9
2025-08-31 07:00:00+00:00,2.8237,2.835,2.8234,2.8289,1388169.9
2025-08-31 08:00:00+00:00,2.8289,2.8447,2.8288,2.8443,2647492.5
2025-08-31 09:00:00+00:00,2.8443,2.8444,2.83,2.8309,1947343.6
2025-08-31 10:00:00+00:00,2.831,2.8331,2.812,2.8199,2926780.6
2025-08-31 11:00:00+00:00,2.8198,2.827,2.813,2.8238,2715472.5
2025-08-31 12:00:00+00:00,2.8238,2.8242,2.8125,2.8174,2471360.4
2025-08-31 13:00:00+00:00,2.8174,2.8229,2.8052,2.8111,2246335.5
2025-08-31 14:00:00+00:00,2.8112,2.8166,2.8014,2.809,2173802.8
2025-08-31 15:00:00+00:00,2.809,2.8251,2.8081,2.8222,1863401.1
2025-08-31 16:00:00+00:00,2.8222,2.8223,2.8057,2.8144,1663103.6
2025-08-31 17:00:00+00:00,2.8145,2.815,2.8065,2.8091,1148167.2
2025-08-31 18:00:00+00:00,2.809,2.8213,2.807,2.82,1709239.0
2025-08-31 19:00:00+00:00,2.8199,2.8199,2.7983,2.8002,2452396.0
2025-08-31 20:00:00+00:00,2.8001,2.8098,2.7947,2.8083,1404031.8
2025-08-31 21:00:00+00:00,2.8082,2.8173,2.8036,2.8113,1551458.2
2025-08-31 22:00:00+00:00,2.8114,2.8172,2.799,2.8011,1868901.9
2025-08-31 23:00:00+00:00,2.801,2.801,2.7707,2.7757,6730748.5
2025-09-01 00:00:00+00:00,2.7757,2.7774,2.7369,2.7624,16688445.8
2025-09-01 01:00:00+00:00,2.7625,2.7793,2.7546,2.765,6070178.4
2025-09-01 02:00:00+00:00,2.765,2.7673,2.7284,2.7334,9644566.8
2025-09-01 03:00:00+00:00,2.7334,2.7459,2.7256,2.742,6995421.7
2025-09-01 04:00:00+00:00,2.7421,2.7471,2.7115,2.7189,8936316.1
2025-09-01 05:00:00+00:00,2.719,2.7381,2.7014,2.7333,9110187.9
2025-09-01 06:00:00+00:00,2.7333,2.7404,2.7193,2.7366,5314873.9
2025-09-01 07:00:00+00:00,2.7366,2.7946,2.7265,2.7943,12340114.7
2025-09-01 08:00:00+00:00,2.7943,2.827,2.7943,2.8256,15260246.2
2025-09-01 09:00:00+00:00,2.8256,2.839,2.8083,2.8083,10987958.4
2025-09-01 10:00:00+00:00,2.8084,2.816,2.7773,2.7923,7298629.3
2025-09-01 11:00:00+00:00,2.7923,2.7995,2.7672,2.7697,4921548.3
2025-09-01 12:00:00+00:00,2.7697,2.7804,2.7614,2.7713,3139905.1
2025-09-01 13:00:00+00:00,2.7713,2.7777,2.7544,2.7593,5485066.0
2025-09-01 14:00:00+00:00,2.7594,2.7736,2.7518,2.77,5062535.9
2025-09-01 15:00:00+00:00,2.77,2.7787,2.7521,2.7625,4014380.7
2025-09-01 16:00:00+00:00,2.7625,2.7684,2.744,2.747,3757033.0
2025-09-01 17:00:00+00:00,2.7469,2.7482,2.7203,2.7268,6212963.3
2025-09-01 18:00:00+00:00,2.7268,2.758,2.7242,2.7563,3407499.8
2025-09-01 19:00:00+00:00,2.7562,2.7746,2.7528,2.7735,3978186.9
2025-09-01 20:00:00+00:00,2.7735,2.7758,2.7355,2.7619,13230855.9
2025-09-01 21:00:00+00:00,2.762,2.7642,2.6975,2.7277,8833929.7
2025-09-01 22:00:00+00:00,2.7277,2.7472,2.7173,2.7438,5290243.7
2025-09-01 23:00:00+00:00,2.7437,2.7613,2.7354,2.7589,3824312.1
2025-09-02 00:00:00+00:00,2.7589,2.7675,2.7535,2.7602,3342133.8
2025-09-02 01:00:00+00:00,2.7602,2.7767,2.7484,2.7654,4491761.4
2025-09-02 02:00:00+00:00,2.7654,2.7892,2.7579,2.7885,4188119.6
2025-09-02 03:00:00+00:00,2.7884,2.8014,2.7833,2.798,4676709.9
2025-09-02 04:00:00+00:00,2.798,2.8054,2.7911,2.8028,3535492.8
2025-09-02 05:00:00+00:00,2.8028,2.8159,2.7975,2.8105,5382072.3
2025-09-02 06:00:00+00:00,2.8104,2.8145,2.8005,2.802,5465835.1
2025-09-02 07:00:00+00:00,2.802,2.806,2.7856,2.794,7449241.8
2025-09-02 08:00:00+00:00,2.7939,2.8329,2.7935,2.8059,7561454.0
2025-09-02 09:00:00+00:00,2.8059,2.8221,2.8035,2.8099,2974768.3
2025-09-02 10:00:00+00:00,2.8099,2.8124,2.8038,2.8119,2058935.8
2025-09-02 11:00:00+00:00,2.8119,2.8127,2.7951,2.7987,3569063.1
2025-09-02 12:00:00+00:00,2.7986,2.8022,2.762,2.769,9251664.2
2025-09-02 13:00:00+00:00,2.769,2.8327,2.7673,2.8283,16346814.8
2025-09-02 14:00:00+00:00,2.8282,2.8455,2.8102,2.8379,13027930.8
2025-09-02 15:00:00+00:00,2.8378,2.84,2.7863,2.7905,6654462.3
2025-09-02 16:00:00+00:00,2.7904,2.8054,2.7818,2.7954,4079158.3
2025-09-02 17:00:00+00:00,2.7955,2.8071,2.788,2.8058,3115462.3
2025-09-02 18:00:00+00:00,2.8057,2.821,2.793,2.8138,3505504.3
2025-09-02 19:00:00+00:00,2.8138,2.8287,2.8001,2.8282,5183354.6
2025-09-02 20:00:00+00:00,2.8282,2.8549,2.817,2.8433,7950566.4
2025-09-02 21:00:00+00:00,2.8433,2.8493,2.8333,2.8449,3247881.9
2025-09-02 22:00:00+00:00,2.845,2.8604,2.8345,2.8604,3210878.8
2025-09-02 23:00:00+00:00,2.8604,2.8641,2.8507,2.862,4419773.9
2025-09-03 00:00:00+00:00,2.862,2.8637,2.8377,2.8412,4383805.3
2025-09-03 01:00:00+00:00,2.8413,2.849,2.8257,2.8479,5253084.2
2025-09-03 02:00:00+00:00,2.8479,2.8654,2.8467,2.8506,3587162.8
2025-09-03 03:00:00+00:00,2.8506,2.8509,2.8353,2.8412,3077677.6
2025-09-03 04:00:00+00:00,2.8412,2.8444,2.8307,2.8363,2582812.4
2025-09-03 05:00:00+00:00,2.8363,2.8372,2.824,2.8268,2711968.9
2025-09-03 06:00:00+00:00,2.8268,2.8274,2.8145,2.818,4918981.7
2025-09-03 07:00:00+00:00,2.818,2.8232,2.811,2.8211,3844105.4
2025-09-03 08:00:00+00:00,2.821,2.8387,2.8202,2.8374,4889385.2
2025-09-03 09:00:00+00:00,2.8374,2.8489,2.8326,2.8468,6789727.1
2025-09-03 10:00:00+00:00,2.8468,2.8639,2.842,2.8477,4321836.3
2025-09-03 11:00:00+00:00,2.8476,2.8616,2.8473,2.857,4470937.2
2025-09-03 12:00:00+00:00,2.857,2.8753,2.8422,2.8454,5230962.7
2025-09-03 13:00:00+00:00,2.8455,2.875,2.8454,2.8594,4471577.4
2025-09-03 14:00:00+00:00,2.8594,2.8867,2.854,2.8729,7954554.3
2025-09-03 15:00:00+00:00,2.873,2.8767,2.8623,2.8723,4494148.1
2025-09-03 16:00:00+00:00,2.8722,2.8743,2.856,2.8598,2018914.8
2025-09-03 17:00:00+00:00,2.8599,2.8688,2.8566,2.8621,2204693.2
2025-09-03 18:00:00+00:00,2.8621,2.8677,2.845,2.8517,4764717.1
2025-09-03 19:00:00+00:00,2.8517,2.8673,2.8433,2.8651,5213482.5
2025-09-03 20:00:00+00:00,2.8651,2.8675,2.8541,2.8568,2432832.7
2025-09-03 21:00:00+00:00,2.8569,2.8581,2.8392,2.8456,2409660.5
2025-09-03 22:00:00+00:00,2.8455,2.8568,2.8406,2.8462,3173751.5
2025-09-03 23:00:00+00:00,2.8462,2.848,2.842,2.8443,1573514.2
2025-09-04 00:00:00+00:00,2.8442,2.857,2.8437,2.8464,2235120.5
2025-09-04 01:00:00+00:00,2.8464,2.8464,2.8345,2.8408,3339532.6
2025-09-04 02:00:00+00:00,2.8408,2.845,2.8337,2.8378,2682501.4
2025-09-04 03:00:00+00:00,2.8379,2.851,2.8331,2.8444,2603797.7
2025-09-04 04:00:00+00:00,2.8445,2.8629,2.8384,2.8509,2781610.9
2025-09-04 05:00:00+00:00,2.8509,2.8509,2.8257,2.8329,6030322.1
2025-09-04 06:00:00+00:00,2.8329,2.8332,2.814,2.8146,5030962.7
2025-09-04 07:00:00+00:00,2.8145,2.8266,2.8143,2.8247,3578135.3
2025-09-04 08:00:00+00:00,2.8247,2.8557,2.824,2.8371,6843718.7
2025-09-04 09:00:00+00:00,2.8372,2.8504,2.8371,2.8428,3423695.2
2025-09-04 10:00:00+00:00,2.8428,2.8474,2.8362,2.8419,2228842.7
2025-09-04 11:00:00+00:00,2.8419,2.851,2.839,2.8413,2123871.5
2025-09-04 12:00:00+00:00,2.8414,2.8482,2.8327,2.8463,3881334.9
2025-09-04 13:00:00+00:00,2.8462,2.8468,2.821,2.8262,5208417.2
2025-09-04 14:00:00+00:00,2.8262,2.8458,2.8078,2.8348,10705304.5
2025-09-04 15:00:00+00:00,2.8348,2.8375,2.804,2.8104,6025444.2
2025-09-04 16:00:00+00:00,2.8105,2.8205,2.8013,2.8072,4090352.5
2025-09-04 17:00:00+00:00,2.8072,2.8214,2.8072,2.8154,3175307.1
2025-09-04 18:00:00+00:00,2.8155,2.8234,2.7966,2.7993,3201794.2
2025-09-04 19:00:00+00:00,2.7992,2.8074,2.7842,2.785,4409235.0
2025-09-04 20:00:00+00:00,2.785,2.807,2.785,2.8018,3111330.7
2025-09-04 21:00:00+00:00,2.8018,2.8141,2.7991,2.8131,1554163.5
2025-09-04 22:00:00+00:00,2.8131,2.823,2.8031,2.8195,2426319.9
2025-09-04 23:00:00+00:00,2.8196,2.8256,2.7941,2.7946,3848515.5
2025-09-05 00:00:00+00:00,2.7947,2.8003,2.778,2.7818,4105091.2
2025-09-05 01:00:00+00:00,2.7818,2.8089,2.7784,2.8048,2645804.3
2025-09-05 02:00:00+00:00,2.8048,2.8139,2.802,2.8103,3988524.0
2025-09-05 03:00:00+00:00,2.8104,2.8104,2.7979,2.8071,2170754.0
2025-09-05 04:00:00+00:00,2.8071,2.8172,2.8034,2.8163,2009548.2
2025-09-05 05:00:00+00:00,2.8164,2.8209,2.8106,2.8119,2763255.2
2025-09-05 06:00:00+00:00,2.8119,2.8141,2.8041,2.8136,3006191.6
2025-09-05 07:00:00+00:00,2.8137,2.8496,2.8137,2.8443,7822668.8
2025-09-05 08:00:00+00:00,2.8443,2.8457,2.8327,2.8437,3377383.7
2025-09-05 09:00:00+00:00,2.8437,2.8493,2.8284,2.8449,4955649.0
2025-09-05 10:00:00+00:00,2.8449,2.8543,2.8388,2.8391,3894206.0
2025-09-05 11:00:00+00:00,2.8391,2.8473,2.8386,2.8439,1850799.1
2025-09-05 12:00:00+00:00,2.8439,2.8788,2.8352,2.8757,19127479.7
2025-09-05 13:00:00+00:00,2.8757,2.8849,2.8635,2.8816,8071536.7
2025-09-05 14:00:00+00:00,2.8815,2.8815,2.8,2.8094,18220253.0
2025-09-05 15:00:00+00:00,2.8093,2.827,2.8006,2.8148,4997123.6
2025-09-05 16:00:00+00:00,2.8148,2.8169,2.8044,2.8141,3873062.6
2025-09-05 17:00:00+00:00,2.8141,2.8196,2.8037,2.8179,2991705.8
2025-09-05 18:00:00+00:00,2.8179,2.8398,2.8132,2.8355,2854218.4
2025-09-05 19:00:00+00:00,2.8355,2.865,2.8333,2.8648,4845457.2
2025-09-05 20:00:00+00:00,2.8648,2.8653,2.8464,2.8501,4540040.0
2025-09-05 21:00:00+00:00,2.8501,2.8519,2.8216,2.8226,4794773.5
2025-09-05 22:00:00+00:00,2.8225,2.8274,2.8165,2.8188,1882369.5
2025-09-05 23:00:00+00:00,2.8189,2.8239,2.8141,2.8147,2161600.6
2025-09-06 00:00:00+00:00,2.8146,2.8236,2.8138,2.8155,1820217.9
2025-09-06 01:00:00+00:00,2.8155,2.82,2.8123,2.8183,1389224.7
2025-09-06 02:00:00+00:00,2.8182,2.8258,2.8126,2.823,1870290.9
2025-09-06 03:00:00+00:00,2.8229,2.8289,2.8198,2.827,853050.3
2025-09-06 04:00:00+00:00,2.827,2.827,2.8155,2.8169,780137.6
2025-09-06 05:00:00+00:00,2.8169,2.8179,2.8138,2.8143,781523.8
2025-09-06 06:00:00+00:00,2.8142,2.8175,2.8135,2.8172,564066.8
2025-09-06 07:00:00+00:00,2.8171,2.8214,2.8164,2.8204,622658.6
2025-09-06 08:00:00+00:00,2.8204,2.8206,2.815,2.8153,632248.1
2025-09-06 09:00:00+00:00,2.8153,2.8153,2.8075,2.8087,1975749.4
2025-09-06 10:00:00+00:00,2.8086,2.8111,2.8044,2.8072,1269490.4
2025-09-06 11:00:00+00:00,2.8072,2.8072,2.8011,2.8064,1465532.2
2025-09-06 12:00:00+00:00,2.8064,2.8107,2.8044,2.8087,1839382.7
2025-09-06 13:00:00+00:00,2.8086,2.8179,2.8081,2.814,1608568.8
2025-09-06 14:00:00+00:00,2.814,2.8155,2.8105,2.8113,1085335.8
2025-09-06 15:00:00+00:00,2.8113,2.8176,2.8005,2.8021,2003248.2
2025-09-06 16:00:00+00:00,2.8021,2.808,2.7976,2.8006,2969709.4
2025-09-06 17:00:00+00:00,2.8006,2.8042,2.7968,2.7997,1514973.0
2025-09-06 18:00:00+00:00,2.7997,2.8037,2.7984,2.8007,1356967.8
2025-09-06 19:00:00+00:00,2.8007,2.8019,2.7927,2.7944,1336900.6
2025-09-06 20:00:00+00:00,2.7943,2.8023,2.7943,2.8023,768886.3
2025-09-06 21:00:00+00:00,2.8023,2.8072,2.8,2.806,1046088.5
2025-09-06 22:00:00+00:00,2.806,2.8097,2.8032,2.8055,972319.7
2025-09-06 23:00:00+00:00,2.8056,2.8127,2.8032,2.8098,862975.1
2025-09-07 00:00:00+00:00,2.8098,2.817,2.8092,2.8154,747517.9
2025-09-07 01:00:00+00:00,2.8154,2.8237,2.8153,2.8214,1052621.7
2025-09-07 02:00:00+00:00,2.8215,2.8239,2.816,2.8226,721367.2
2025-09-07 03:00:00+00:00,2.8227,2.8256,2.8206,2.8223,745801.5
2025-09-07 04:00:00+00:00,2.8223,2.8231,2.8187,2.8216,1142843.2
2025-09-07 05:00:00+00:00,2.8217,2.8264,2.8215,2.8247,1064200.2
2025-09-07 06:00:00+00:00,2.8248,2.825,2.8175,2.82,1404671.2
2025-09-07 07:00:00+00:00,2.82,2.8345,2.8199,2.8308,1962676.8
2025-09-07 08:00:00+00:00,2.8308,2.8374,2.8295,2.8327,1467333.2
2025-09-07 09:00:00+00:00,2.8327,2.8365,2.8272,2.8308,1343195.1
2025-09-07 10:00:00+00:00,2.8308,2.8317,2.8257,2.8308,953018.2
2025-09-07 11:00:00+00:00,2.8307,2.8327,2.8298,2.8315,806906.8
2025-09-07 12:00:00+00:00,2.8316,2.8358,2.8289,2.8354,1069099.9
2025-09-07 13:00:00+00:00,2.8354,2.8499,2.8327,2.8485,3592876.3
2025-09-07 14:00:00+00:00,2.8486,2.9285,2.8462,2.8852,27553864.3
2025-09-07 15:00:00+00:00,2.8852,2.9014,2.8721,2.9001,7606146.4
2025-09-07 16:00:00+00:00,2.9002,2.9008,2.8775,2.8912,4353825.0
2025-09-07 17:00:00+00:00,2.8913,2.8939,2.8581,2.8597,5214057.5
2025-09-07 18:00:00+00:00,2.8596,2.8679,2.8507,2.8583,4108199.8
2025-09-07 19:00:00+00:00,2.8583,2.8678,2.8541,2.8627,2791887.5
2025-09-07 20:00:00+00:00,2.8627,2.8799,2.8614,2.8799,2390104.1
2025-09-07 21:00:00+00:00,2.88,2.8809,2.8587,2.8587,2701159.0
2025-09-07 22:00:00+00:00,2.8587,2.8779,2.8553,2.8773,3789549.5
2025-09-07 23:00:00+00:00,2.8774,2.8921,2.8763,2.877,4193916.8
2025-09-08 00:00:00+00:00,2.877,2.885,2.8656,2.8693,4028828.4
2025-09-08 01:00:00+00:00,2.8693,2.8861,2.8667,2.8803,2397833.5
2025-09-08 02:00:00+00:00,2.8804,2.8883,2.8627,2.8861,3964481.5
2025-09-08 03:00:00+00:00,2.886,2.9,2.8829,2.889,5054717.7
2025-09-08 04:00:00+00:00,2.889,2.8922,2.8765,2.8801,3417075.0
2025-09-08 05:00:00+00:00,2.8802,2.8957,2.8781,2.8927,3678844.8
2025-09-08 06:00:00+00:00,2.8927,2.8944,2.8739,2.8758,4015951.3
2025-09-08 07:00:00+00:00,2.8758,2.9111,2.8757,2.9106,7345407.4
2025-09-08 08:00:00+00:00,2.9106,2.92,2.9033,2.9096,6556427.5
2025-09-08 09:00:00+00:00,2.9095,2.9358,2.904,2.9332,4630642.1
2025-09-08 10:00:00+00:00,2.9333,2.955,2.9254,2.9509,8887669.4
2025-09-08 11:00:00+00:00,2.9508,2.951,2.9296,2.9362,5596555.4
2025-09-08 12:00:00+00:00,2.9363,2.9812,2.934,2.9638,6999373.0
2025-09-08 13:00:00+00:00,2.9638,2.9948,2.9632,2.9776,12514071.6
2025-09-08 14:00:00+00:00,2.9776,2.9964,2.9735,2.982,8802362.0
2025-09-08 15:00:00+00:00,2.9821,2.9867,2.9722,2.9856,4437962.0
2025-09-08 16:00:00+00:00,2.9856,2.9908,2.9614,2.9695,6192830.4
2025-09-08 17:00:00+00:00,2.9695,2.9826,2.963,2.9698,3069135.1
2025-09-08 18:00:00+00:00,2.9699,2.9844,2.9692,2.984,2326803.0
2025-09-08 19:00:00+00:00,2.9839,2.9848,2.9686,2.9798,5604356.3
2025-09-08 20:00:00+00:00,2.9799,2.9848,2.9546,2.9637,4028213.3
2025-09-08 21:00:00+00:00,2.9637,2.9778,2.9612,2.9747,3116697.0
2025-09-08 22:00:00+00:00,2.9746,2.9838,2.9717,2.9761,2502271.9
2025-09-08 23:00:00+00:00,2.9761,2.9795,2.9631,2.9697,2237668.6
2025-09-09 00:00:00+00:00,2.9698,2.9782,2.9462,2.9558,6962787.9
2025-09-09 01:00:00+00:00,2.9557,2.9609,2.9473,2.9591,3421250.9
2025-09-09 02:00:00+00:00,2.9591,2.9592,2.9354,2.9375,3634234.9
2025-09-09 03:00:00+00:00,2.9375,2.9526,2.9337,2.9501,3679129.9
2025-09-09 04:00:00+00:00,2.95,2.967,2.9444,2.9629,4526865.5
2025-09-09 05:00:00+00:00,2.9629,2.9684,2.9518,2.9647,3079745.4
2025-09-09 06:00:00+00:00,2.9647,2.9978,2.9626,2.9929,8509162.6
2025-09-09 07:00:00+00:00,2.9929,3.0277,2.992,3.02,12493415.0
2025-09-09 08:00:00+00:00,3.02,3.0365,3.0136,3.0242,7911258.6
2025-09-09 09:00:00+00:00,3.0241,3.026,3.0073,3.0076,3111244.4
2025-09-09 10:00:00+00:00,3.0076,3.0161,2.9991,3.0038,3750175.6
2025-09-09 11:00:00+00:00,3.0038,3.0156,3.0005,3.0043,4708204.9
2025-09-09 12:00:00+00:00,3.0043,3.03,2.9983,3.0079,6088372.9
2025-09-09 13:00:00+00:00,3.0078,3.0185,2.997,3.0122,3672452.8
2025-09-09 14:00:00+00:00,3.0123,3.019,2.9523,2.9674,13061616.2
2025-09-09 15:00:00+00:00,2.9674,2.9716,2.9367,2.9471,9026053.0
2025-09-09 16:00:00+00:00,2.9471,2.9584,2.9436,2.953,2804040.8
2025-09-09 17:00:00+00:00,2.9529,2.9647,2.9502,2.9543,2448525.9
2025-09-09 18:00:00+00:00,2.9544,2.966,2.9517,2.9619,1668897.4
2025-09-09 19:00:00+00:00,2.962,2.9729,2.9607,2.9651,2329162.5
2025-09-09 20:00:00+00:00,2.9652,2.9685,2.9466,2.9547,2462838.9
2025-09-09 21:00:00+00:00,2.9548,2.9625,2.95,2.9513,1911662.7
2025-09-09 22:00:00+00:00,2.9513,2.955,2.9464,2.9506,1757261.5
2025-09-09 23:00:00+00:00,2.9505,2.951,2.9404,2.9474,3895070.0
2025-09-10 00:00:00+00:00,2.9474,2.9512,2.9357,2.9374,3319588.9
2025-09-10 01:00:00+00:00,2.9373,2.9556,2.9363,2.949,1713652.8
2025-09-10 02:00:00+00:00,2.9489,2.9641,2.9488,2.9591,3441709.8
2025-09-10 03:00:00+00:00,2.9592,2.9637,2.9528,2.9625,2021317.5
2025-09-10 04:00:00+00:00,2.9624,2.965,2.9553,2.9598,1619719.2
2025-09-10 05:00:00+00:00,2.9598,2.963,2.9501,2.96,2315979.3
2025-09-10 06:00:00+00:00,2.9599,2.96,2.9457,2.9529,3618733.6
2025-09-10 07:00:00+00:00,2.9529,2.9812,2.9517,2.981,5158446.1
2025-09-10 08:00:00+00:00,2.9811,2.9871,2.9693,2.9696,3047611.6
2025-09-10 09:00:00+00:00,2.9695,2.9775,2.961,2.9685,1629568.9
2025-09-10 10:00:00+00:00,2.9684,2.9696,2.9603,2.9645,1975786.4
2025-09-10 11:00:00+00:00,2.9645,2.9736,2.9626,2.971,2009996.4
2025-09-10 12:00:00+00:00,2.9711,3.0065,2.9704,2.9992,9914286.6
2025-09-10 13:00:00+00:00,2.9991,3.024,2.9921,3.0128,10443705.2
2025-09-10 14:00:00+00:00,3.0129,3.0208,2.998,2.9986,5851096.1
2025-09-10 15:00:00+00:00,2.9987,3.0098,2.9932,3.0025,4767306.9
2025-09-10 16:00:00+00:00,3.0026,3.0054,2.9906,3.005,5760471.4
2025-09-10 17:00:00+00:00,3.005,3.014,2.9917,3.0029,3657982.9
2025-09-10 18:00:00+00:00,3.0029,3.0069,2.9889,2.9981,2359707.9
2025-09-10 19:00:00+00:00,2.9981,2.9993,2.9672,2.9785,3235795.2
2025-09-10 20:00:00+00:00,2.9785,2.9888,2.9721,2.9742,2490622.6
2025-09-10 21:00:00+00:00,2.9743,2.9847,2.9718,2.9806,1513469.0
2025-09-10 22:00:00+00:00,2.9806,2.9865,2.9761,2.9782,1541447.2
2025-09-10 23:00:00+00:00,2.9782,2.9862,2.9782,2.9834,1920676.5
2025-09-11 00:00:00+00:00,2.9834,2.9943,2.9772,2.9902,2026354.0
2025-09-11 01:00:00+00:00,2.9902,2.9979,2.9891,2.9956,1728340.6
2025-09-11 02:00:00+00:00,2.9955,2.9969,2.9876,2.988,1321360.0
2025-09-11 03:00:00+00:00,2.9879,3.0118,2.9876,3.0091,3781003.6
2025-09-11 04:00:00+00:00,3.0092,3.0139,3.0018,3.0089,2712513.6
2025-09-11 05:00:00+00:00,3.009,3.01,2.9969,3.0069,3674179.4
2025-09-11 06:00:00+00:00,3.0069,3.0069,2.9959,3.0,3455790.6
2025-09-11 07:00:00+00:00,3.0,3.006,2.9914,3.0034,2953589.9
2025-09-11 08:00:00+00:00,3.0033,3.0199,2.9984,3.0161,4491103.4
2025-09-11 09:00:00+00:00,3.0161,3.035,3.0107,3.0273,7522360.5
2025-09-11 10:00:00+00:00,3.0272,3.0324,3.0119,3.016,3688177.6
2025-09-11 11:00:00+00:00,3.016,3.0179,3.0034,3.0077,3507415.2
2025-09-11 12:00:00+00:00,3.0077,3.034,2.9507,2.9983,25454462.8
2025-09-11 13:00:00+00:00,2.9983,3.0134,2.9758,3.0121,7268626.5
2025-09-11 14:00:00+00:00,3.0122,3.0125,2.9852,2.9986,4310292.6
2025-09-11 15:00:00+00:00,2.9987,3.0057,2.9893,2.9949,3316124.0
2025-09-11 16:00:00+00:00,2.995,3.004,2.99,2.9961,2646250.6
2025-09-11 17:00:00+00:00,2.9962,3.0136,2.9919,3.0136,2629770.9
2025-09-11 18:00:00+00:00,3.0135,3.0344,3.0072,3.0239,5876136.9
2025-09-11 19:00:00+00:00,3.024,3.0336,3.0208,3.0257,5738467.3
2025-09-11 20:00:00+00:00,3.0258,3.0294,3.0109,3.0122,3851509.7
2025-09-11 21:00:00+00:00,3.0123,3.0239,3.0111,3.0137,3020290.2
2025-09-11 22:00:00+00:00,3.0137,3.0288,3.013,3.024,3418544.5
2025-09-11 23:00:00+00:00,3.024,3.049,3.024,3.0398,6731779.5
2025-09-12 00:00:00+00:00,3.0398,3.0719,3.0333,3.054,9480638.9
2025-09-12 01:00:00+00:00,3.0539,3.0676,3.0375,3.0391,5060148.6
2025-09-12 02:00:00+00:00,3.0391,3.0538,3.038,3.044,3444686.2
2025-09-12 03:00:00+00:00,3.044,3.0474,3.032,3.0371,3435100.5
2025-09-12 04:00:00+00:00,3.0372,3.0558,3.0282,3.054,3977644.8
2025-09-12 05:00:00+00:00,3.0539,3.0731,3.0484,3.072,5278751.9
2025-09-12 06:00:00+00:00,3.0721,3.0721,3.0486,3.0515,5619025.7
2025-09-12 07:00:00+00:00,3.0516,3.0729,3.048,3.0667,5257630.2
2025-09-12 08:00:00+00:00,3.0668,3.0704,3.0483,3.0549,3239671.6
2025-09-12 09:00:00+00:00,3.055,3.0571,3.0439,3.0485,2761097.5
2025-09-12 10:00:00+00:00,3.0485,3.0499,3.0393,3.0435,2471367.8
2025-09-12 11:00:00+00:00,3.0435,3.0525,3.0372,3.0389,3557514.0
2025-09-12 12:00:00+00:00,3.0389,3.0449,3.0257,3.0415,4631125.3
2025-09-12 13:00:00+00:00,3.0414,3.0464,3.027,3.0407,3685051.3
2025-09-12 14:00:00+00:00,3.0407,3.0647,3.0339,3.0394,7095230.2
2025-09-12 15:00:00+00:00,3.0393,3.0398,3.018,3.0277,6118557.0
2025-09-12 16:00:00+00:00,3.0277,3.0426,3.0225,3.041,4477545.1
2025-09-12 17:00:00+00:00,3.041,3.0728,3.0353,3.0652,7771195.7
2025-09-12 18:00:00+00:00,3.0651,3.0788,3.06,3.0786,5404756.5
2025-09-12 19:00:00+00:00,3.0787,3.0934,3.0666,3.09,6323705.1
2025-09-12 20:00:00+00:00,3.0899,3.1376,3.0826,3.1231,15816372.0
2025-09-12 21:00:00+00:00,3.1231,3.1263,3.0852,3.0939,6544370.1
2025-09-12 22:00:00+00:00,3.0939,3.1262,3.0938,3.1118,6132751.5
2025-09-12 23:00:00+00:00,3.1117,3.1131,3.1001,3.1054,2829070.6
2025-09-13 00:00:00+00:00,3.1054,3.1072,3.0926,3.1028,3231362.7
2025-09-13 01:00:00+00:00,3.1028,3.1257,3.0935,3.097,4248788.1
2025-09-13 02:00:00+00:00,3.097,3.107,3.0901,3.1025,1976595.1
2025-09-13 03:00:00+00:00,3.1025,3.1171,3.0999,3.1144,2445947.5
2025-09-13 04:00:00+00:00,3.1143,3.1161,3.1052,3.106,1925644.7
2025-09-13 05:00:00+00:00,3.106,3.1128,3.0992,3.1009,2950089.2
2025-09-13 06:00:00+00:00,3.1008,3.116,3.1,3.1158,3127824.1
2025-09-13 07:00:00+00:00,3.1157,3.1219,3.1118,3.117,2861656.0
2025-09-13 08:00:00+00:00,3.117,3.1449,3.1104,3.1434,5896595.3
2025-09-13 09:00:00+00:00,3.1433,3.1845,3.1393,3.1799,13960194.3
2025-09-13 10:00:00+00:00,3.1799,3.1858,3.1601,3.1633,7943845.7
2025-09-13 11:00:00+00:00,3.1633,3.1766,3.1504,3.1728,6120630.7
2025-09-13 12:00:00+00:00,3.1729,3.1812,3.1647,3.1706,3741790.6
2025-09-13 13:00:00+00:00,3.1706,3.1788,3.1179,3.142,10829185.0
2025-09-13 14:00:00+00:00,3.142,3.1565,3.121,3.1468,6324497.4
2025-09-13 15:00:00+00:00,3.1468,3.1567,3.1219,3.1333,5955160.2
2025-09-13 16:00:00+00:00,3.1333,3.1421,3.1065,3.1103,7847459.5
2025-09-13 17:00:00+00:00,3.1103,3.1177,3.089,3.1125,7650866.8
2025-09-13 18:00:00+00:00,3.1124,3.118,3.1013,3.1143,2377905.7
2025-09-13 19:00:00+00:00,3.1144,3.1175,3.1075,3.111,2060322.7
2025-09-13 20:00:00+00:00,3.1109,3.1215,3.1089,3.1176,3352176.6
2025-09-13 21:00:00+00:00,3.1175,3.1282,3.1168,3.1198,2228802.7
2025-09-13 22:00:00+00:00,3.1199,3.1234,3.1139,3.1205,1699418.2
2025-09-13 23:00:00+00:00,3.1206,3.1275,3.1182,3.1193,2034758.1
2025-09-14 00:00:00+00:00,3.1193,3.1205,3.1024,3.1106,2556893.5
2025-09-14 01:00:00+00:00,3.1105,3.1177,3.085,3.115,4461483.1
2025-09-14 02:00:00+00:00,3.1151,3.1267,3.106,3.1225,3280963.0
2025-09-14 03:00:00+00:00,3.1225,3.124,3.0924,3.095,3478934.8
2025-09-14 04:00:00+00:00,3.095,3.1042,3.0762,3.099,4689659.7
2025-09-14 05:00:00+00:00,3.099,3.108,3.0972,3.107,1716453.0
2025-09-14 06:00:00+00:00,3.1071,3.1085,3.0828,3.0916,3118970.9
2025-09-14 07:00:00+00:00,3.0915,3.0918,3.0753,3.0841,3794927.6
2025-09-14 08:00:00+00:00,3.0842,3.0902,3.0751,3.0844,2761416.0
2025-09-14 09:00:00+00:00,3.0843,3.095,3.0811,3.09,2392443.1
2025-09-14 10:00:00+00:00,3.0899,3.0914,3.0806,3.0849,1686744.5
2025-09-14 11:00:00+00:00,3.0849,3.0879,3.0542,3.059,5909635.5
2025-09-14 12:00:00+00:00,3.0589,3.0663,3.0401,3.05,3723964.9
2025-09-14 13:00:00+00:00,3.05,3.0529,3.0271,3.0373,4613859.4
2025-09-14 14:00:00+00:00,3.0373,3.0494,3.0099,3.0251,9053396.8
2025-09-14 15:00:00+00:00,3.025,3.0389,3.0139,3.0314,5828270.4
2025-09-14 16:00:00+00:00,3.0314,3.047,3.0281,3.0434,3364674.7
2025-09-14 17:00:00+00:00,3.0434,3.0595,3.0388,3.0543,3419366.1
2025-09-14 18:00:00+00:00,3.0542,3.0547,3.0325,3.0365,3133222.6
2025-09-14 19:00:00+00:00,3.0364,3.0467,3.03,3.038,2712337.7
2025-09-14 20:00:00+00:00,3.038,3.0436,3.0342,3.0381,1375698.8
2025-09-14 21:00:00+00:00,3.0382,3.0522,3.0271,3.0482,2412861.6
2025-09-14 22:00:00+00:00,3.0483,3.0575,3.0391,3.051,2984491.1
2025-09-14 23:00:00+00:00,3.051,3.051,3.025,3.0279,3973974.0
2025-09-15 00:00:00+00:00,3.028,3.045,3.0272,3.0349,2562721.7
2025-09-15 01:00:00+00:00,3.0348,3.0481,3.012,3.04,3874863.4
2025-09-15 02:00:00+00:00,3.0401,3.0496,3.0323,3.0357,2401394.4
2025-09-15 03:00:00+00:00,3.0358,3.0523,3.0346,3.0481,3268595.2
2025-09-15 04:00:00+00:00,3.0481,3.0575,3.0437,3.0509,2843698.2
2025-09-15 05:00:00+00:00,3.051,3.0669,3.0491,3.066,3886298.1
2025-09-15 06:00:00+00:00,3.0659,3.0663,3.0251,3.0355,5488057.1
2025-09-15 07:00:00+00:00,3.0355,3.0485,3.0125,3.0232,4945221.2
2025-09-15 08:00:00+00:00,3.0231,3.0241,2.9555,2.9594,19093042.4
2025-09-15 09:00:00+00:00,2.9594,2.9843,2.9532,2.9775,6595698.8
2025-09-15 10:00:00+00:00,2.9774,2.982,2.9671,2.9795,4433310.9
2025-09-15 11:00:00+00:00,2.9796,3.0005,2.977,2.9994,4670435.3
2025-09-15 12:00:00+00:00,2.9993,3.0004,2.9866,2.9894,4497622.9
2025-09-15 13:00:00+00:00,2.9895,3.043,2.9843,3.0227,8226911.3
2025-09-15 14:00:00+00:00,3.0227,3.0304,3.0042,3.0055,9098220.6
2025-09-15 15:00:00+00:00,3.0054,3.0411,3.0005,3.0275,11548204.3
2025-09-15 16:00:00+00:00,3.0275,3.0356,3.0018,3.006,4939369.5
2025-09-15 17:00:00+00:00,3.0061,3.017,2.9924,3.0093,4437353.0
2025-09-15 18:00:00+00:00,3.0092,3.0113,2.9955,3.0083,1871158.9
2025-09-15 19:00:00+00:00,3.0083,3.0161,2.9838,2.9883,3523047.7
2025-09-15 20:00:00+00:00,2.9883,2.9983,2.9804,2.9977,2031431.3
2025-09-15 21:00:00+00:00,2.9977,3.0041,2.9894,2.9991,1671711.2
2025-09-15 22:00:00+00:00,2.9991,3.0014,2.9708,2.9911,4236536.4
2025-09-15 23:00:00+00:00,2.9912,2.9986,2.9852,2.9969,1391172.2
2025-09-16 00:00:00+00:00,2.9969,2.9969,2.9767,2.9863,2179230.9
2025-09-16 01:00:00+00:00,2.9863,2.999,2.9835,2.9847,1892933.7
2025-09-16 02:00:00+00:00,2.9848,2.9931,2.9795,2.9795,2291906.8
2025-09-16 03:00:00+00:00,2.9796,2.9904,2.9782,2.9791,3044001.4
2025-09-16 04:00:00+00:00,2.9791,2.9824,2.9642,2.9812,3419292.6
2025-09-16 05:00:00+00:00,2.9812,3.0076,2.9794,3.0048,5060435.9
2025-09-16 06:00:00+00:00,3.0049,3.0053,2.9787,2.9837,4051426.5
2025-09-16 07:00:00+00:00,2.9837,3.0138,2.9837,3.0079,2862703.3
2025-09-16 08:00:00+00:00,3.0078,3.0496,3.0035,3.0348,7132425.8
2025-09-16 09:00:00+00:00,3.0348,3.0392,3.0216,3.0295,4094745.2
2025-09-16 10:00:00+00:00,3.0294,3.0364,3.017,3.022,3771025.7
2025-09-16 11:00:00+00:00,3.0221,3.034,3.0215,3.0289,2110388.1
2025-09-16 12:00:00+00:00,3.0289,3.0405,3.0253,3.0377,2983094.2
2025-09-16 13:00:00+00:00,3.0377,3.0478,3.0004,3.0247,6536287.3
2025-09-16 14:00:00+00:00,3.0246,3.0312,3.0034,3.0286,4992024.5
2025-09-16 15:00:00+00:00,3.0287,3.0415,3.0212,3.0393,3272410.7
2025-09-16 16:00:00+00:00,3.0394,3.0505,3.0307,3.0464,3163541.3
2025-09-16 17:00:00+00:00,3.0464,3.0586,3.0415,3.0473,3558632.5
2025-09-16 18:00:00+00:00,3.0473,3.0515,3.0355,3.04,2368189.6
2025-09-16 19:00:00+00:00,3.0399,3.0535,3.0352,3.0519,1798769.5
2025-09-16 20:00:00+00:00,3.0518,3.0519,3.0418,3.0474,1394257.7
2025-09-16 21:00:00+00:00,3.0473,3.0577,3.0467,3.0541,1990026.4
2025-09-16 22:00:00+00:00,3.0542,3.0579,3.0463,3.0472,1541105.5
2025-09-16 23:00:00+00:00,3.0473,3.048,3.0353,3.0376,1444907.9
2025-09-17 00:00:00+00:00,3.0376,3.0427,3.0335,3.0356,1417767.5
2025-09-17 01:00:00+00:00,3.0356,3.0452,3.0344,3.0399,1051932.2
2025-09-17 02:00:00+00:00,3.0399,3.0476,3.0258,3.0374,11085762.4
2025-09-17 03:00:00+00:00,3.0374,3.0374,3.0156,3.0162,4436414.8
2025-09-17 04:00:00+00:00,3.0163,3.0191,3.0054,3.0112,3329807.0
2025-09-17 05:00:00+00:00,3.0112,3.021,3.0069,3.02,3746012.3
2025-09-17 06:00:00+00:00,3.02,3.025,3.0136,3.0235,3767108.7
2025-09-17 07:00:00+00:00,3.0234,3.0389,3.0205,3.0342,3534465.5
2025-09-17 08:00:00+00:00,3.0342,3.0343,3.0141,3.0205,3573304.0
2025-09-17 09:00:00+00:00,3.0205,3.0205,3.014,3.0146,2429369.9
2025-09-17 10:00:00+00:00,3.0146,3.0198,3.0029,3.0128,5266294.3
2025-09-17 11:00:00+00:00,3.0127,3.014,3.0072,3.0088,1997223.1
2025-09-17 12:00:00+00:00,3.0088,3.0258,3.0086,3.0242,2730043.9
2025-09-17 13:00:00+00:00,3.0243,3.0377,3.0185,3.0228,3493857.5
2025-09-17 14:00:00+00:00,3.0229,3.0304,3.0087,3.0138,4029046.1
2025-09-17 15:00:00+00:00,3.0139,3.0259,3.0133,3.0227,2062442.6
2025-09-17 16:00:00+00:00,3.0227,3.0244,3.01,3.0218,2226900.6
2025-09-17 17:00:00+00:00,3.0219,3.0685,3.0178,3.0197,8216906.4
2025-09-17 18:00:00+00:00,3.0197,3.0645,2.9814,2.9978,26215866.0
2025-09-17 19:00:00+00:00,2.9978,3.043,2.9944,3.0321,8077363.5
2025-09-17 20:00:00+00:00,3.0322,3.0495,3.0115,3.0149,5547486.2
2025-09-17 21:00:00+00:00,3.0149,3.0394,3.0059,3.0319,2822531.4
2025-09-17 22:00:00+00:00,3.032,3.0914,3.032,3.087,10948460.7
2025-09-17 23:00:00+00:00,3.0871,3.1079,3.0695,3.0841,10502291.8
2025-09-18 00:00:00+00:00,3.0841,3.0954,3.0752,3.076,5690501.0
2025-09-18 01:00:00+00:00,3.0759,3.0998,3.0707,3.093,5304537.2
2025-09-18 02:00:00+00:00,3.093,3.096,3.08,3.0951,2962415.7
2025-09-18 03:00:00+00:00,3.0951,3.112,3.0923,3.1051,6917471.2
2025-09-18 04:00:00+00:00,3.105,3.1074,3.0912,3.0985,4916905.5
2025-09-18 05:00:00+00:00,3.0986,3.0986,3.0755,3.0806,5443916.1
2025-09-18 06:00:00+00:00,3.0806,3.0826,3.0558,3.0709,7164594.8
2025-09-18 07:00:00+00:00,3.071,3.1054,3.0704,3.0924,5131220.4
2025-09-18 08:00:00+00:00,3.0925,3.1081,3.0901,3.1066,6230664.0
2025-09-18 09:00:00+00:00,3.1066,3.123,3.1022,3.123,6227707.6
2025-09-18 10:00:00+00:00,3.1229,3.125,3.1028,3.1121,4201708.9
2025-09-18 11:00:00+00:00,3.1121,3.1375,3.1121,3.1368,6899365.6
2025-09-18 12:00:00+00:00,3.1369,3.1397,3.115,3.1163,5257362.0
2025-09-18 13:00:00+00:00,3.1163,3.132,3.1023,3.1186,7430455.8
2025-09-18 14:00:00+00:00,3.1185,3.1312,3.1173,3.1215,5769349.1
2025-09-18 15:00:00+00:00,3.1215,3.1286,3.1124,3.1134,5122255.1
2025-09-18 16:00:00+00:00,3.1134,3.1206,3.1071,3.1175,4348659.3
2025-09-18 17:00:00+00:00,3.1175,3.123,3.0989,3.1074,4679678.0
2025-09-18 18:00:00+00:00,3.1074,3.1181,3.1033,3.1164,2682602.0
2025-09-18 19:00:00+00:00,3.1165,3.1165,3.0884,3.1074,4385620.1
2025-09-18 20:00:00+00:00,3.1074,3.1079,3.0927,3.1001,2606284.2
2025-09-18 21:00:00+00:00,3.1001,3.1023,3.083,3.0841,2422799.5
2025-09-18 22:00:00+00:00,3.0842,3.0846,3.073,3.0732,4210402.8
2025-09-18 23:00:00+00:00,3.0731,3.0793,3.0601,3.0735,5092464.8
2025-09-19 00:00:00+00:00,3.0735,3.0868,3.0735,3.0865,2261837.9
2025-09-19 01:00:00+00:00,3.0866,3.0941,3.0774,3.08,2812438.9
2025-09-19 02:00:00+00:00,3.08,3.08,3.0616,3.0671,3781532.6
2025-09-19 03:00:00+00:00,3.0672,3.0761,3.0453,3.047,5938422.3
2025-09-19 04:00:00+00:00,3.0469,3.0499,3.0232,3.0492,8233191.3
2025-09-19 05:00:00+00:00,3.0492,3.0536,3.037,3.048,2820563.5
2025-09-19 06:00:00+00:00,3.0479,3.0479,3.0262,3.0267,4479811.2
2025-09-19 07:00:00+00:00,3.0267,3.0424,3.0237,3.0382,3548050.2
2025-09-19 08:00:00+00:00,3.0381,3.0475,3.0337,3.0341,2937433.4
2025-09-19 09:00:00+00:00,3.0342,3.0435,3.0237,3.0297,3222006.4
2025-09-19 10:00:00+00:00,3.0297,3.0358,3.024,3.0311,2893973.7
2025-09-19 11:00:00+00:00,3.0312,3.0332,3.0223,3.0304,4192888.8
2025-09-19 12:00:00+00:00,3.0305,3.0462,3.0297,3.0331,3396208.3
2025-09-19 13:00:00+00:00,3.0331,3.0389,3.0251,3.0342,3630063.4
2025-09-19 14:00:00+00:00,3.0342,3.0382,3.005,3.0083,8250360.5
2025-09-19 15:00:00+00:00,3.0083,3.0124,2.9887,3.0103,10297146.6
2025-09-19 16:00:00+00:00,3.0103,3.017,3.0052,3.0102,3942776.1
2025-09-19 17:00:00+00:00,3.0101,3.0106,2.9951,2.9965,2370204.0
2025-09-19 18:00:00+00:00,2.9965,3.0029,2.9879,2.9978,2308492.7
2025-09-19 19:00:00+00:00,2.9978,3.0109,2.9836,2.9862,3391129.5
2025-09-19 20:00:00+00:00,2.9862,2.9947,2.9835,2.9855,2788634.3
2025-09-19 21:00:00+00:00,2.9854,2.9962,2.9784,2.9959,2538684.5
2025-09-19 22:00:00+00:00,2.996,3.0007,2.9929,2.993,1217561.8
2025-09-19 23:00:00+00:00,2.993,2.9933,2.9791,2.9901,1461226.7
2025-09-20 00:00:00+00:00,2.99,3.0013,2.9845,2.9986,1348394.0
2025-09-20 01:00:00+00:00,2.9987,2.9997,2.99,2.9921,1223075.9
2025-09-20 02:00:00+00:00,2.992,2.9953,2.98,2.9948,1108479.5
2025-09-20 03:00:00+00:00,2.9949,2.9952,2.9852,2.9914,1352164.1
2025-09-20 04:00:00+00:00,2.9915,2.9948,2.9873,2.9928,1087120.5
2025-09-20 05:00:00+00:00,2.9929,3.0027,2.9888,3.0027,1053924.8
2025-09-20 06:00:00+00:00,3.0026,3.0068,2.9963,3.0051,1250911.2
2025-09-20 07:00:00+00:00,3.0051,3.0091,2.9991,3.0089,1471776.4
2025-09-20 08:00:00+00:00,3.0088,3.0091,2.9851,2.9855,1903578.1
2025-09-20 09:00:00+00:00,2.9854,2.9889,2.9745,2.9789,4095618.8
2025-09-20 10:00:00+00:00,2.9789,2.9854,2.9775,2.9791,2070179.0
2025-09-20 11:00:00+00:00,2.979,2.9892,2.979,2.9891,1139511.7
2025-09-20 12:00:00+00:00,2.9892,2.9894,2.9821,2.985,1931962.8
2025-09-20 13:00:00+00:00,2.985,2.9896,2.9809,2.9835,1932345.9
2025-09-20 14:00:00+00:00,2.9835,2.985,2.9652,2.9812,7502410.4
2025-09-20 15:00:00+00:00,2.9812,2.9961,2.98,2.9893,8512135.1
2025-09-20 16:00:00+00:00,2.9893,2.9928,2.9757,2.9915,4921015.6
2025-09-20 17:00:00+00:00,2.9914,2.9917,2.9809,2.9824,2730609.1
2025-09-20 18:00:00+00:00,2.9824,2.9824,2.971,2.9746,3076572.6
2025-09-20 19:00:00+00:00,2.9746,2.9816,2.9716,2.9744,1956866.8
2025-09-20 20:00:00+00:00,2.9745,2.9795,2.97,2.9709,4431702.6
2025-09-20 21:00:00+00:00,2.9708,2.9855,2.9704,2.9805,2400300.1
2025-09-20 22:00:00+00:00,2.9804,2.9855,2.9749,2.9821,1951714.9
2025-09-20 23:00:00+00:00,2.9821,2.9824,2.97,2.975,2271360.1
2025-09-21 00:00:00+00:00,2.975,2.9917,2.9725,2.9888,3792861.9
2025-09-21 01:00:00+00:00,2.9888,2.9905,2.9777,2.9798,1576866.6
2025-09-21 02:00:00+00:00,2.9797,2.9909,2.9761,2.9902,2078508.0
2025-09-21 03:00:00+00:00,2.9903,2.9987,2.9881,2.9976,1624652.3
2025-09-21 04:00:00+00:00,2.9977,3.0068,2.9931,3.0068,2592049.5
2025-09-21 05:00:00+00:00,3.0068,3.0135,3.0011,3.0058,2862740.1
2025-09-21 06:00:00+00:00,3.0058,3.0115,2.9996,3.0001,1963436.6
2025-09-21 07:00:00+00:00,3.0002,3.0066,2.9953,2.997,1756044.9
2025-09-21 08:00:00+00:00,2.997,3.0005,2.9899,2.9909,965723.4
2025-09-21 09:00:00+00:00,2.9909,2.9928,2.9618,2.9789,3768581.9
2025-09-21 10:00:00+00:00,2.9788,2.9805,2.9679,2.9681,1345897.8
2025-09-21 11:00:00+00:00,2.9682,2.9815,2.9669,2.9751,1255949.6
2025-09-21 12:00:00+00:00,2.9751,2.9865,2.9731,2.9791,1358306.5
2025-09-21 13:00:00+00:00,2.979,2.9873,2.9777,2.9863,1054246.1
2025-09-21 14:00:00+00:00,2.9863,2.9884,2.9745,2.9764,1154466.6
2025-09-21 15:00:00+00:00,2.9763,2.9815,2.9696,2.9798,1097688.8
2025-09-21 16:00:00+00:00,2.9799,2.9835,2.9618,2.9649,2203714.4
2025-09-21 17:00:00+00:00,2.9649,2.974,2.9523,2.9738,4347100.7
2025-09-21 18:00:00+00:00,2.9738,2.9854,2.9728,2.9854,1267628.6
2025-09-21 19:00:00+00:00,2.9854,2.9856,2.971,2.9818,1123965.2
2025-09-21 20:00:00+00:00,2.9817,2.9852,2.9738,2.9753,1046922.6
2025-09-21 21:00:00+00:00,2.9754,2.9793,2.9668,2.9746,1373726.8
2025-09-21 22:00:00+00:00,2.9746,2.9926,2.9644,2.9906,2413818.0
2025-09-21 23:00:00+00:00,2.9906,2.9927,2.969,2.9701,1643844.2
2025-09-22 00:00:00+00:00,2.9701,2.9755,2.8995,2.9165,21967980.7
2025-09-22 01:00:00+00:00,2.9164,2.936,2.9125,2.9175,6518827.5
2025-09-22 02:00:00+00:00,2.9175,2.9228,2.8769,2.8979,10591152.3
2025-09-22 03:00:00+00:00,2.8979,2.9079,2.8931,2.9038,4282360.5
2025-09-22 04:00:00+00:00,2.9038,2.9066,2.8943,2.8944,2744575.8
2025-09-22 05:00:00+00:00,2.8944,2.8958,2.8454,2.847,8836513.1
2025-09-22 06:00:00+00:00,2.8471,2.8506,2.6975,2.824,52807340.1
2025-09-22 07:00:00+00:00,2.8239,2.8279,2.8043,2.806,11847363.0
2025-09-22 08:00:00+00:00,2.806,2.8239,2.7979,2.8128,8856577.2
2025-09-22 09:00:00+00:00,2.8129,2.8189,2.7974,2.8007,8654734.3
2025-09-22 10:00:00+00:00,2.8008,2.8187,2.7895,2.8161,9818552.5
2025-09-22 11:00:00+00:00,2.816,2.8221,2.8114,2.8162,5595771.4
2025-09-22 12:00:00+00:00,2.8163,2.8455,2.8041,2.8454,8428036.5
2025-09-22 13:00:00+00:00,2.8454,2.8583,2.8338,2.8572,11408315.6
2025-09-22 14:00:00+00:00,2.8572,2.8696,2.8492,2.8605,11027489.9
2025-09-22 15:00:00+00:00,2.8606,2.8746,2.8491,2.8602,10649660.8
2025-09-22 16:00:00+00:00,2.8602,2.8703,2.8418,2.8454,5756412.8
2025-09-22 17:00:00+00:00,2.8454,2.8684,2.8446,2.8572,6317135.6
2025-09-22 18:00:00+00:00,2.8572,2.8632,2.8326,2.8335,5800917.3
2025-09-22 19:00:00+00:00,2.8336,2.8377,2.8157,2.8345,7544205.5
2025-09-22 20:00:00+00:00,2.8344,2.8437,2.8146,2.8406,3845386.5
2025-09-22 21:00:00+00:00,2.8405,2.8571,2.8296,2.8554,1996688.8
2025-09-22 22:00:00+00:00,2.8554,2.8562,2.8431,2.8461,1501738.9
2025-09-22 23:00:00+00:00,2.8461,2.8526,2.844,2.8526,1949456.3
2025-09-23 00:00:00+00:00,2.8525,2.8685,2.8471,2.851,2413481.4
2025-09-23 01:00:00+00:00,2.8509,2.8535,2.8224,2.8227,3526833.8
2025-09-23 02:00:00+00:00,2.8227,2.8372,2.8066,2.8092,4328670.9
2025-09-23 03:00:00+00:00,2.8091,2.8725,2.7991,2.8596,8086752.1
2025-09-23 04:00:00+00:00,2.8597,2.8659,2.8356,2.8561,4065048.0
2025-09-23 05:00:00+00:00,2.856,2.8753,2.8518,2.8655,5195234.4
2025-09-23 06:00:00+00:00,2.8655,2.8806,2.8593,2.8728,6457164.6
2025-09-23 07:00:00+00:00,2.8728,2.8843,2.8637,2.8646,5128177.7
2025-09-23 08:00:00+00:00,2.8646,2.87,2.8561,2.8661,4336395.9
2025-09-23 09:00:00+00:00,2.866,2.8738,2.8494,2.8579,4147113.4
2025-09-23 10:00:00+00:00,2.8578,2.8688,2.8556,2.8642,3580273.8
2025-09-23 11:00:00+00:00,2.8642,2.8679,2.857,2.8584,2781476.3
2025-09-23 12:00:00+00:00,2.8583,2.8719,2.8529,2.865,3283863.5
2025-09-23 13:00:00+00:00,2.8649,2.8687,2.8541,2.8595,3326960.4
2025-09-23 14:00:00+00:00,2.8596,2.8785,2.8549,2.864,4201007.8
2025-09-23 15:00:00+00:00,2.8639,2.8839,2.8587,2.8766,4732936.5
2025-09-23 16:00:00+00:00,2.8766,2.8964,2.8637,2.8863,5924762.4
2025-09-23 17:00:00+00:00,2.8862,2.8872,2.8451,2.8487,5890522.0
2025-09-23 18:00:00+00:00,2.8487,2.8549,2.8379,2.8457,4707268.4
2025-09-23 19:00:00+00:00,2.8456,2.87,2.8454,2.8532,3784068.0
2025-09-23 20:00:00+00:00,2.8531,2.8599,2.8384,2.8551,3298462.8
2025-09-23 21:00:00+00:00,2.8551,2.8582,2.8349,2.8483,1853821.8
2025-09-23 22:00:00+00:00,2.8483,2.8484,2.8333,2.8354,1732847.5
2025-09-23 23:00:00+00:00,2.8354,2.8367,2.8175,2.8247,3609158.9
2025-09-24 00:00:00+00:00,2.8247,2.8423,2.8215,2.8282,1984457.1
2025-09-24 01:00:00+00:00,2.8282,2.8431,2.8247,2.8411,1554790.5
2025-09-24 02:00:00+00:00,2.8411,2.8417,2.8188,2.829,8202187.7
2025-09-24 03:00:00+00:00,2.829,2.8347,2.8055,2.814,6382738.4
2025-09-24 04:00:00+00:00,2.8139,2.8488,2.7883,2.8402,10345475.9
2025-09-24 05:00:00+00:00,2.8402,2.8609,2.8376,2.8572,4955485.4
2025-09-24 06:00:00+00:00,2.8573,2.8689,2.8508,2.8559,4828823.8
2025-09-24 07:00:00+00:00,2.856,2.8774,2.8545,2.8736,3261910.0
2025-09-24 08:00:00+00:00,2.8737,2.8799,2.8671,2.8746,2052891.5
2025-09-24 09:00:00+00:00,2.8747,2.8791,2.8703,2.8733,3090200.5
2025-09-24 10:00:00+00:00,2.8733,2.8752,2.8677,2.8726,3035996.2
2025-09-24 11:00:00+00:00,2.8725,2.8842,2.8719,2.8804,2742302.7
2025-09-24 12:00:00+00:00,2.8804,2.8875,2.8751,2.8767,2851675.0
2025-09-24 13:00:00+00:00,2.8767,2.8868,2.8718,2.8766,2716859.8
2025-09-24 14:00:00+00:00,2.8766,2.9261,2.8766,2.9197,8057932.7
2025-09-24 15:00:00+00:00,2.9197,2.9511,2.9084,2.9404,8365071.5
2025-09-24 16:00:00+00:00,2.9403,2.9524,2.9289,2.9462,6520899.9
2025-09-24 17:00:00+00:00,2.9462,2.956,2.9347,2.944,5653559.1
2025-09-24 18:00:00+00:00,2.944,2.9557,2.9405,2.9513,3999910.0
2025-09-24 19:00:00+00:00,2.9512,2.9955,2.9476,2.9773,10571673.6
2025-09-24 20:00:00+00:00,2.9772,2.9796,2.9517,2.9685,6387463.7
2025-09-24 21:00:00+00:00,2.9686,2.9759,2.9412,2.9439,5295596.9
2025-09-24 22:00:00+00:00,2.9439,2.96,2.9366,2.942,5702364.2
2025-09-24 23:00:00+00:00,2.9421,2.9479,2.9234,2.9257,6856966.5
2025-09-25 00:00:00+00:00,2.9257,2.9446,2.9116,2.9142,6640924.3
2025-09-25 01:00:00+00:00,2.9142,2.9192,2.8905,2.896,5218030.5
2025-09-25 02:00:00+00:00,2.896,2.9175,2.8883,2.9047,5842976.1
2025-09-25 03:00:00+00:00,2.9047,2.9048,2.87,2.873,6175804.6
2025-09-25 04:00:00+00:00,2.873,2.8785,2.8324,2.845,14438988.7
2025-09-25 05:00:00+00:00,2.845,2.8665,2.8352,2.8653,7107704.1
2025-09-25 06:00:00+00:00,2.8652,2.8654,2.8442,2.8459,5130726.0
2025-09-25 07:00:00+00:00,2.8459,2.858,2.8386,2.8424,3548429.4
2025-09-25 08:00:00+00:00,2.8424,2.8549,2.8267,2.8319,6415684.6
2025-09-25 09:00:00+00:00,2.8319,2.8478,2.8247,2.8276,5788920.4
2025-09-25 10:00:00+00:00,2.8276,2.838,2.8176,2.8177,4063235.8
2025-09-25 11:00:00+00:00,2.8177,2.8233,2.8074,2.8154,5993296.4
2025-09-25 12:00:00+00:00,2.8154,2.8416,2.7852,2.8278,14830305.6
2025-09-25 13:00:00+00:00,2.8277,2.8576,2.8068,2.8267,11695577.6
2025-09-25 14:00:00+00:00,2.8267,2.8607,2.8267,2.8387,7638442.1
2025-09-25 15:00:00+00:00,2.8386,2.8404,2.8202,2.8312,5625970.5
2025-09-25 16:00:00+00:00,2.8312,2.8377,2.7873,2.7914,8302791.2
2025-09-25 17:00:00+00:00,2.7914,2.7939,2.7244,2.7368,25500249.0
2025-09-25 18:00:00+00:00,2.7368,2.8004,2.7336,2.8003,12595323.1
2025-09-25 19:00:00+00:00,2.8004,2.8139,2.7473,2.7606,9514460.6
2025-09-25 20:00:00+00:00,2.7607,2.7721,2.746,2.7479,6048138.4
2025-09-25 21:00:00+00:00,2.748,2.7646,2.7338,2.7573,5839320.3
2025-09-25 22:00:00+00:00,2.7572,2.7685,2.7449,2.7546,4268978.3
2025-09-25 23:00:00+00:00,2.7546,2.7649,2.7321,2.7435,8196899.3
2025-09-26 00:00:00+00:00,2.7435,2.7726,2.7387,2.7682,5618157.6
2025-09-26 01:00:00+00:00,2.7683,2.7774,2.7577,2.7676,4915093.2
2025-09-26 02:00:00+00:00,2.7675,2.7787,2.7495,2.7589,4113391.9
2025-09-26 03:00:00+00:00,2.7589,2.7636,2.744,2.7611,3018478.4
2025-09-26 04:00:00+00:00,2.7611,2.7659,2.7537,2.7633,1963247.8
2025-09-26 05:00:00+00:00,2.7633,2.7754,2.7506,2.7529,3427162.3
2025-09-26 06:00:00+00:00,2.753,2.7716,2.7379,2.7554,7917974.7
2025-09-26 07:00:00+00:00,2.7553,2.774,2.738,2.7551,13055306.5
2025-09-26 08:00:00+00:00,2.7551,2.7687,2.755,2.759,2985388.3
2025-09-26 09:00:00+00:00,2.7589,2.7663,2.7205,2.7488,6986444.0
2025-09-26 10:00:00+00:00,2.7488,2.7489,2.7095,2.7098,10939418.0
2025-09-26 11:00:00+00:00,2.7098,2.7331,2.6984,2.7277,13411347.5
2025-09-26 12:00:00+00:00,2.7277,2.7766,2.7062,2.7535,15028218.3
2025-09-26 13:00:00+00:00,2.7536,2.7684,2.7326,2.7614,8064028.2
2025-09-26 14:00:00+00:00,2.7613,2.7636,2.7004,2.7077,9584007.4
2025-09-26 15:00:00+00:00,2.7078,2.7482,2.7061,2.7353,7720343.2
2025-09-26 16:00:00+00:00,2.7353,2.7661,2.7319,2.763,6149546.2
2025-09-26 17:00:00+00:00,2.7631,2.7973,2.7627,2.7934,8950973.4
2025-09-26 18:00:00+00:00,2.7933,2.809,2.7906,2.8029,5915949.2
2025-09-26 19:00:00+00:00,2.8028,2.8059,2.7723,2.7918,8662057.1
2025-09-26 20:00:00+00:00,2.7918,2.7974,2.7769,2.7781,4544442.6
2025-09-26 21:00:00+00:00,2.778,2.789,2.7698,2.7862,6146445.9
2025-09-26 22:00:00+00:00,2.7863,2.793,2.7811,2.7821,2003123.0
2025-09-26 23:00:00+00:00,2.7822,2.7887,2.7752,2.7835,1680760.0
2025-09-27 00:00:00+00:00,2.7836,2.7836,2.7727,2.7803,1849274.4
2025-09-27 01:00:00+00:00,2.7803,2.7826,2.7675,2.7728,1837728.7
2025-09-27 02:00:00+00:00,2.7729,2.7844,2.7697,2.7777,1652102.1
2025-09-27 03:00:00+00:00,2.7777,2.79,2.7767,2.7836,1618871.6
2025-09-27 04:00:00+00:00,2.7835,2.79,2.7795,2.7835,1631198.0
2025-09-27 05:00:00+00:00,2.7834,2.7913,2.7757,2.7902,1108676.9
2025-09-27 06:00:00+00:00,2.7902,2.797,2.7862,2.7969,1601281.6
2025-09-27 07:00:00+00:00,2.797,2.8016,2.7791,2.781,2410544.4
2025-09-27 08:00:00+00:00,2.7809,2.7814,2.768,2.7696,2080727.9
2025-09-27 09:00:00+00:00,2.7696,2.7834,2.7619,2.7814,2074293.9
2025-09-27 10:00:00+00:00,2.7813,2.7939,2.7781,2.7881,1390619.5
2025-09-27 11:00:00+00:00,2.788,2.7889,2.7753,2.777,1033158.4
2025-09-27 12:00:00+00:00,2.777,2.789,2.7735,2.7844,1598374.2
2025-09-27 13:00:00+00:00,2.7844,2.7871,2.7802,2.7816,2566047.3
2025-09-27 14:00:00+00:00,2.7817,2.7862,2.78,2.7824,826316.7
2025-09-27 15:00:00+00:00,2.7825,2.785,2.7727,2.7842,1404183.2
2025-09-27 16:00:00+00:00,2.7842,2.7853,2.7747,2.7765,1106521.6
2025-09-27 17:00:00+00:00,2.7765,2.7849,2.7628,2.7838,2290465.5
2025-09-27 18:00:00+00:00,2.7838,2.7902,2.7818,2.7902,2522282.2
2025-09-27 19:00:00+00:00,2.7902,2.7949,2.7871,2.79,2036643.2
2025-09-27 20:00:00+00:00,2.7899,2.7984,2.7877,2.7976,1152100.6
2025-09-27 21:00:00+00:00,2.7976,2.799,2.7874,2.7981,1743538.0
2025-09-27 22:00:00+00:00,2.798,2.8287,2.7972,2.8188,5141564.2
2025-09-27 23:00:00+00:00,2.8189,2.8263,2.8039,2.8047,2027292.1
2025-09-28 00:00:00+00:00,2.8047,2.8146,2.7866,2.8004,13024605.6
2025-09-28 01:00:00+00:00,2.8005,2.8028,2.7852,2.7885,1962453.2
2025-09-28 02:00:00+00:00,2.7885,2.7942,2.7806,2.7867,990564.7
2025-09-28 03:00:00+00:00,2.7868,2.7916,2.7771,2.7826,1187300.1
2025-09-28 04:00:00+00:00,2.7827,2.7896,2.7789,2.7889,830596.0
2025-09-28 05:00:00+00:00,2.7888,2.7947,2.7808,2.7812,1077073.1
2025-09-28 06:00:00+00:00,2.7812,2.7899,2.7747,2.7894,1895963.9
2025-09-28 07:00:00+00:00,2.7895,2.79,2.7828,2.7874,1085630.3
2025-09-28 08:00:00+00:00,2.7874,2.7945,2.7812,2.7867,2721278.3
2025-09-28 09:00:00+00:00,2.7867,2.7904,2.7731,2.7776,1645383.4
2025-09-28 10:00:00+00:00,2.7775,2.7855,2.7711,2.7811,1618919.8
2025-09-28 11:00:00+00:00,2.7811,2.7812,2.7701,2.7764,1771252.4
2025-09-28 12:00:00+00:00,2.7764,2.7771,2.7661,2.7699,2280093.1
2025-09-28 13:00:00+00:00,2.7699,2.7901,2.7668,2.786,2107207.4
2025-09-28 14:00:00+00:00,2.7859,2.7968,2.779,2.7966,1447204.3
2025-09-28 15:00:00+00:00,2.7966,2.8138,2.793,2.8107,3107754.0
2025-09-28 16:00:00+00:00,2.8106,2.8337,2.8048,2.8316,5787399.9
2025-09-28 17:00:00+00:00,2.8316,2.8346,2.8206,2.8238,3353728.1
2025-09-28 18:00:00+00:00,2.8238,2.831,2.8163,2.8304,1898249.1
2025-09-28 19:00:00+00:00,2.8304,2.833,2.8221,2.8277,1373665.6
2025-09-28 20:00:00+00:00,2.8276,2.8476,2.8266,2.8433,2595799.7
2025-09-28 21:00:00+00:00,2.8433,2.8509,2.8322,2.8395,3738806.7
2025-09-28 22:00:00+00:00,2.8395,2.8637,2.8391,2.8581,5743296.2
2025-09-28 23:00:00+00:00,2.858,2.8675,2.858,2.8674,2609285.1
2025-09-29 00:00:00+00:00,2.8675,2.868,2.8529,2.8625,3145893.9
2025-09-29 01:00:00+00:00,2.8625,2.8672,2.856,2.8567,2229466.7
2025-09-29 02:00:00+00:00,2.8568,2.8848,2.8482,2.875,10890017.6
2025-09-29 03:00:00+00:00,2.8751,2.8758,2.8567,2.8634,4578036.1
2025-09-29 04:00:00+00:00,2.8635,2.8654,2.8521,2.8604,3315882.6
2025-09-29 05:00:00+00:00,2.8604,2.8618,2.8508,2.8593,2376728.2
2025-09-29 06:00:00+00:00,2.8592,2.8703,2.8454,2.8682,4537353.9
2025-09-29 07:00:00+00:00,2.8683,2.9054,2.8646,2.8869,7804433.4
2025-09-29 08:00:00+00:00,2.8868,2.8926,2.8825,2.8837,3708193.0
2025-09-29 09:00:00+00:00,2.8836,2.8843,2.8676,2.8702,2271414.3
2025-09-29 10:00:00+00:00,2.8703,2.8707,2.8559,2.8607,2765311.4
2025-09-29 11:00:00+00:00,2.8607,2.8654,2.8528,2.8551,2432276.7
2025-09-29 12:00:00+00:00,2.8551,2.8688,2.8464,2.8495,3758458.9
2025-09-29 13:00:00+00:00,2.8494,2.886,2.8455,2.8804,6816858.3
2025-09-29 14:00:00+00:00,2.8804,2.9289,2.8787,2.908,12421707.4
2025-09-29 15:00:00+00:00,2.908,2.9112,2.8836,2.894,4665897.8
2025-09-29 16:00:00+00:00,2.8939,2.9007,2.877,2.8795,4620640.9
2025-09-29 17:00:00+00:00,2.8795,2.887,2.8657,2.8823,5282232.5
2025-09-29 18:00:00+00:00,2.8823,2.883,2.8664,2.8763,2598150.1
2025-09-29 19:00:00+00:00,2.8764,2.9033,2.8716,2.8977,9293275.8
2025-09-29 20:00:00+00:00,2.8977,2.915,2.8896,2.9056,6937836.8
2025-09-29 21:00:00+00:00,2.9057,2.9084,2.8908,2.8939,3377085.2
2025-09-29 22:00:00+00:00,2.894,2.897,2.8836,2.8871,3924395.8
2025-09-29 23:00:00+00:00,2.887,2.8907,2.8787,2.8801,2721828.0
2025-09-30 00:00:00+00:00,2.8801,2.8912,2.8731,2.8748,4043718.6
2025-09-30 01:00:00+00:00,2.8748,2.8926,2.8681,2.8814,3675893.4
2025-09-30 02:00:00+00:00,2.8814,2.8891,2.8753,2.8811,2371918.4
2025-09-30 03:00:00+00:00,2.8812,2.8851,2.8728,2.876,1888100.1
2025-09-30 04:00:00+00:00,2.8759,2.8826,2.8737,2.881,1758116.8
2025-09-30 05:00:00+00:00,2.8809,2.9021,2.8787,2.8937,3698591.7
2025-09-30 06:00:00+00:00,2.8936,2.9077,2.8879,2.8987,3550635.9
2025-09-30 07:00:00+00:00,2.8988,2.9001,2.872,2.874,3234480.4
2025-09-30 08:00:00+00:00,2.874,2.8753,2.853,2.8551,3587110.5
2025-09-30 09:00:00+00:00,2.8551,2.8601,2.8371,2.8392,4760161.0
2025-09-30 10:00:00+00:00,2.8391,2.8481,2.8356,2.8403,4280104.9
2025-09-30 11:00:00+00:00,2.8403,2.8505,2.8341,2.8468,2582945.7
2025-09-30 12:00:00+00:00,2.8468,2.8559,2.8441,2.8491,1931765.4
2025-09-30 13:00:00+00:00,2.8491,2.8629,2.8378,2.8455,5060728.9
2025-09-30 14:00:00+00:00,2.8455,2.85,2.8295,2.8477,3919726.8
2025-09-30 15:00:00+00:00,2.8478,2.8481,2.8132,2.8279,7917820.0
2025-09-30 16:00:00+00:00,2.8279,2.838,2.8174,2.8244,5473736.2
2025-09-30 17:00:00+00:00,2.8244,2.8406,2.8176,2.8281,8655234.7
2025-09-30 18:00:00+00:00,2.828,2.8425,2.8212,2.8397,4775626.8
2025-09-30 19:00:00+00:00,2.8398,2.8708,2.8386,2.8637,6460254.2
2025-09-30 20:00:00+00:00,2.8638,2.8739,2.8584,2.8721,4421098.4
2025-09-30 21:00:00+00:00,2.8721,2.8792,2.8513,2.8527,6383066.9
2025-09-30 22:00:00+00:00,2.8527,2.8641,2.8386,2.8417,3545011.2
2025-09-30 23:00:00+00:00,2.8417,2.8484,2.8339,2.8468,2416572.8
2025-10-01 00:00:00+00:00,2.8468,2.852,2.8276,2.8383,2561359.7
2025-10-01 01:00:00+00:00,2.8383,2.8597,2.8357,2.8582,3151146.6
2025-10-01 02:00:00+00:00,2.8581,2.8586,2.84,2.8419,1910566.4
2025-10-01 03:00:00+00:00,2.8419,2.8426,2.8141,2.819,3276898.0
2025-10-01 04:00:00+00:00,2.8191,2.8456,2.8163,2.8362,4824250.9
2025-10-01 05:00:00+00:00,2.8363,2.8541,2.8347,2.8457,4029170.3
2025-10-01 06:00:00+00:00,2.8456,2.8497,2.8309,2.8321,3998320.4
2025-10-01 07:00:00+00:00,2.832,2.8574,2.831,2.854,4578166.7
2025-10-01 08:00:00+00:00,2.8539,2.9219,2.8517,2.9169,15546293.4
2025-10-01 09:00:00+00:00,2.9169,2.952,2.9074,2.9412,17264116.5
2025-10-01 10:00:00+00:00,2.9412,2.9419,2.9193,2.9299,9511328.9
2025-10-01 11:00:00+00:00,2.9298,2.9458,2.9295,2.9439,4600854.4
2025-10-01 12:00:00+00:00,2.9439,2.9454,2.9269,2.9363,7802519.2
2025-10-01 13:00:00+00:00,2.9363,2.955,2.9336,2.9384,10468955.6
2025-10-01 14:00:00+00:00,2.9384,2.9582,2.9315,2.9428,7698001.8
2025-10-01 15:00:00+00:00,2.9429,2.9465,2.9332,2.9419,4537603.3
2025-10-01 17:00:00+00:00,2.9379,2.9446,2.9195,2.9202,5604845.8
2025-10-01 18:00:00+00:00,2.9202,2.9422,2.9201,2.936,3037515.8
2025-10-01 19:00:00+00:00,2.936,2.9616,2.9351,2.9549,4483123.8
2025-10-01 20:00:00+00:00,2.9549,2.9555,2.9382,2.9472,2770573.6
2025-10-01 21:00:00+00:00,2.9472,2.9476,2.9261,2.9286,3371236.9
2025-10-01 22:00:00+00:00,2.9286,2.9399,2.9273,2.9303,3032417.7
2025-10-01 23:00:00+00:00,2.9303,2.9512,2.9281,2.9485,2987123.9
2025-10-02 00:00:00+00:00,2.9485,2.9623,2.9403,2.9429,5433092.4
2025-10-02 01:00:00+00:00,2.943,2.9756,2.9418,2.9701,3992701.4
2025-10-02 02:00:00+00:00,2.9701,2.9811,2.9602,2.9765,4584229.0
2025-10-02 03:00:00+00:00,2.9764,2.9877,2.9665,2.9723,4769861.6
2025-10-02 04:00:00+00:00,2.9723,2.9796,2.9538,2.9676,4182249.9
2025-10-02 05:00:00+00:00,2.9675,2.9807,2.9579,2.9648,6178364.7
2025-10-02 06:00:00+00:00,2.9649,2.9825,2.9628,2.9793,5612675.7
2025-10-02 07:00:00+00:00,2.9794,2.9856,2.9648,2.9692,4327311.9
2025-10-02 08:00:00+00:00,2.9691,2.9903,2.9666,2.9888,5361252.2
2025-10-02 09:00:00+00:00,2.9887,2.992,2.9757,2.9833,3461079.1
2025-10-02 10:00:00+00:00,2.9832,2.9934,2.9788,2.9888,2650923.4
2025-10-02 11:00:00+00:00,2.9888,2.9962,2.9688,2.9715,3888271.3
2025-10-02 12:00:00+00:00,2.9716,2.9877,2.9681,2.9866,3556882.2
2025-10-02 13:00:00+00:00,2.9865,2.9892,2.963,2.9857,5959038.1
2025-10-02 14:00:00+00:00,2.9857,2.9939,2.9466,2.9574,6830615.2
2025-10-02 15:00:00+00:00,2.9574,2.9927,2.9461,2.9917,7848238.4
2025-10-02 16:00:00+00:00,2.9917,3.0587,2.9871,3.0449,21775625.7
2025-10-02 17:00:00+00:00,3.045,3.0559,3.0311,3.0352,6237331.1
2025-10-02 18:00:00+00:00,3.0352,3.0644,3.0351,3.0622,7496969.9
2025-10-02 19:00:00+00:00,3.0621,3.0998,3.0586,3.0902,10695119.9
2025-10-02 20:00:00+00:00,3.0903,3.0912,3.052,3.0587,8079182.3
2025-10-02 21:00:00+00:00,3.0587,3.066,3.0367,3.0396,4909262.2
2025-10-02 22:00:00+00:00,3.0396,3.0484,3.026,3.0322,4967382.4
2025-10-02 23:00:00+00:00,3.0323,3.0416,3.0264,3.0389,4276891.6
2025-10-03 00:00:00+00:00,3.0388,3.0393,3.0132,3.0193,6650196.4
2025-10-03 01:00:00+00:00,3.0192,3.0257,3.005,3.0063,4717560.6
2025-10-03 02:00:00+00:00,3.0063,3.0249,3.0041,3.0222,3818396.7
2025-10-03 03:00:00+00:00,3.0221,3.0388,3.0186,3.0202,4582145.7
2025-10-03 04:00:00+00:00,3.0202,3.0316,3.0163,3.0294,2858995.5
2025-10-03 05:00:00+00:00,3.0293,3.031,3.0136,3.0206,2878861.3
2025-10-03 06:00:00+00:00,3.0207,3.035,3.0131,3.0226,4468375.8
2025-10-03 07:00:00+00:00,3.0227,3.0342,3.0184,3.0339,4996194.0
2025-10-03 08:00:00+00:00,3.0339,3.0582,3.0224,3.0528,5875389.2
2025-10-03 09:00:00+00:00,3.0528,3.0544,3.0349,3.0406,3266740.8
2025-10-03 10:00:00+00:00,3.0406,3.0497,3.0389,3.0454,5728411.4
2025-10-03 11:00:00+00:00,3.0454,3.0479,3.0302,3.0379,2669651.7
2025-10-03 12:00:00+00:00,3.038,3.0408,3.0216,3.0224,2738838.6
2025-10-03 13:00:00+00:00,3.0225,3.0327,3.0102,3.0253,5813983.9
2025-10-03 14:00:00+00:00,3.0254,3.0479,3.0079,3.043,5378635.8
2025-10-03 15:00:00+00:00,3.043,3.0731,3.026,3.0692,8241694.5
2025-10-03 16:00:00+00:00,3.0693,3.0948,3.0595,3.0624,16285896.1
2025-10-03 17:00:00+00:00,3.0624,3.0624,3.0124,3.0288,17201643.2
2025-10-03 18:00:00+00:00,3.0289,3.0517,3.0203,3.0458,3528513.9
2025-10-03 19:00:00+00:00,3.0458,3.0545,3.0322,3.0347,3603644.9
2025-10-03 20:00:00+00:00,3.0347,3.0402,3.0211,3.0378,3682896.1
2025-10-03 21:00:00+00:00,3.0378,3.0556,3.0373,3.0466,2795446.8
2025-10-03 22:00:00+00:00,3.0465,3.0549,3.0454,3.0477,2058723.6
2025-10-03 23:00:00+00:00,3.0477,3.051,3.0368,3.0401,1898670.2
2025-10-04 00:00:00+00:00,3.0402,3.0522,3.0384,3.0434,2666483.8
2025-10-04 01:00:00+00:00,3.0434,3.0452,3.02,3.0236,3045228.3
2025-10-04 02:00:00+00:00,3.0236,3.0332,3.0165,3.0205,1889080.9
2025-10-04 03:00:00+00:00,3.0205,3.0238,3.0082,3.0233,3737456.3
2025-10-04 04:00:00+00:00,3.0234,3.0275,3.0145,3.018,1462077.0
2025-10-04 05:00:00+00:00,3.018,3.0295,3.0168,3.024,1301173.8
2025-10-04 06:00:00+00:00,3.024,3.0305,3.0226,3.0267,1342763.9
2025-10-04 07:00:00+00:00,3.0267,3.0315,3.0175,3.018,1784658.4
2025-10-04 08:00:00+00:00,3.0179,3.022,2.9941,3.0005,6042889.8
2025-10-04 09:00:00+00:00,3.0006,3.0075,2.9952,2.9963,2365409.3
2025-10-04 10:00:00+00:00,2.9962,3.0051,2.9828,2.9872,3553318.3
2025-10-04 11:00:00+00:00,2.9873,2.9936,2.9829,2.9904,2421805.7
2025-10-04 12:00:00+00:00,2.9904,2.9951,2.9825,2.9841,2504090.3
2025-10-04 13:00:00+00:00,2.9841,3.0065,2.9835,2.9928,3004400.7
2025-10-04 14:00:00+00:00,2.9928,2.9986,2.9658,2.967,5773052.4
2025-10-04 15:00:00+00:00,2.9669,2.9731,2.9409,2.9497,9020418.3
2025-10-04 16:00:00+00:00,2.9497,2.9555,2.939,2.9462,3923085.6
2025-10-04 17:00:00+00:00,2.9461,2.9568,2.9422,2.9482,2736164.5
2025-10-04 18:00:00+00:00,2.9482,2.949,2.9403,2.9435,1939217.0
2025-10-04 19:00:00+00:00,2.9435,2.9517,2.9419,2.9501,1641235.9
2025-10-04 20:00:00+00:00,2.9502,2.9582,2.9465,2.9471,2438478.7
2025-10-04 21:00:00+00:00,2.9471,2.9655,2.9457,2.9613,1872348.6
2025-10-04 22:00:00+00:00,2.9614,2.9713,2.9539,2.9692,1674742.2
2025-10-04 23:00:00+00:00,2.9691,2.9731,2.9627,2.9685,1290401.1
2025-10-05 00:00:00+00:00,2.9685,2.9743,2.9555,2.9569,1656209.6
2025-10-05 01:00:00+00:00,2.957,2.9699,2.9564,2.9641,1566700.9
2025-10-05 02:00:00+00:00,2.964,3.0068,2.9605,3.0051,5046610.7
2025-10-05 03:00:00+00:00,3.0051,3.0263,3.0025,3.0075,5578556.4
2025-10-05 04:00:00+00:00,3.0075,3.0441,3.0049,3.034,7462821.5
2025-10-05 05:00:00+00:00,3.034,3.0426,3.0265,3.0356,3895309.8
2025-10-05 06:00:00+00:00,3.0355,3.0397,3.0268,3.0339,4294986.2
2025-10-05 07:00:00+00:00,3.0339,3.0675,3.0332,3.0633,6756251.5
2025-10-05 08:00:00+00:00,3.0633,3.0716,3.0464,3.0472,5766081.7
2025-10-05 09:00:00+00:00,3.0472,3.0523,3.0163,3.0239,9230155.5
2025-10-05 10:00:00+00:00,3.0239,3.025,3.0011,3.0155,5343011.0
2025-10-05 11:00:00+00:00,3.0155,3.0235,3.0063,3.022,2711523.1
2025-10-05 12:00:00+00:00,3.022,3.0221,3.0054,3.0066,2364757.5
2025-10-05 13:00:00+00:00,3.0067,3.014,2.9959,3.0051,3019171.3
2025-10-05 14:00:00+00:00,3.0051,3.0105,2.9856,2.9953,3932317.5
2025-10-05 15:00:00+00:00,2.9953,3.0158,2.9931,3.0128,2128561.9
2025-10-05 16:00:00+00:00,3.0127,3.015,2.9819,3.0019,3637034.5
2025-10-05 17:00:00+00:00,3.002,3.008,2.9813,2.9881,2451664.7
2025-10-05 18:00:00+00:00,2.9881,2.991,2.9689,2.9747,4526479.7
2025-10-05 19:00:00+00:00,2.9747,2.9752,2.9483,2.9529,7275662.6
2025-10-05 20:00:00+00:00,2.9528,2.9746,2.9468,2.9696,5832203.1
2025-10-05 21:00:00+00:00,2.9696,2.98,2.963,2.9757,4816567.8
2025-10-05 22:00:00+00:00,2.9758,2.9851,2.9577,2.967,4336124.9
2025-10-05 23:00:00+00:00,2.9669,2.9788,2.9635,2.9697,2269948.0
2025-10-06 00:00:00+00:00,2.9697,2.9924,2.9553,2.9631,6328282.4
2025-10-06 01:00:00+00:00,2.9631,2.988,2.9551,2.979,2828466.1
2025-10-06 02:00:00+00:00,2.979,2.9918,2.9616,2.9812,3217448.0
2025-10-06 03:00:00+00:00,2.9811,2.9839,2.9737,2.978,1788035.7
2025-10-06 04:00:00+00:00,2.978,2.9821,2.9657,2.9677,2076400.4
2025-10-06 05:00:00+00:00,2.9677,2.9762,2.9623,2.9733,2287784.1
2025-10-06 06:00:00+00:00,2.9733,2.9999,2.9733,2.9902,4052028.8
2025-10-06 07:00:00+00:00,2.9902,2.9972,2.965,2.9737,3428706.1
2025-10-06 08:00:00+00:00,2.9736,2.9914,2.9736,2.9873,2364435.0
2025-10-06 09:00:00+00:00,2.9874,2.9945,2.9863,2.9914,3114414.6
2025-10-06 10:00:00+00:00,2.9914,2.9964,2.985,2.9933,2735085.0
2025-10-06 11:00:00+00:00,2.9933,3.0088,2.9856,2.9951,3879698.5
2025-10-06 12:00:00+00:00,2.9951,3.0092,2.9951,3.001,3758536.1
2025-10-06 13:00:00+00:00,3.0009,3.0096,2.9895,3.0088,5334887.1
2025-10-06 14:00:00+00:00,3.0089,3.0221,2.9844,2.9878,10029197.0
2025-10-06 15:00:00+00:00,2.9877,3.039,2.9875,3.0312,16316815.5
2025-10-06 16:00:00+00:00,3.0311,3.0405,3.0212,3.0325,4438776.0
2025-10-06 17:00:00+00:00,3.0325,3.0473,3.0281,3.0363,6081709.6
2025-10-06 18:00:00+00:00,3.0364,3.0479,3.0327,3.0447,4692125.8
2025-10-06 19:00:00+00:00,3.0447,3.0506,3.0234,3.0247,6165589.0
2025-10-06 20:00:00+00:00,3.0247,3.0336,3.0074,3.0088,5706618.5
2025-10-06 21:00:00+00:00,3.0088,3.0154,2.9978,3.0069,5035090.5
2025-10-06 22:00:00+00:00,3.0069,3.0121,2.9926,3.0009,7323199.2
2025-10-06 23:00:00+00:00,3.0009,3.0023,2.9867,2.9883,4203174.0
2025-10-07 00:00:00+00:00,2.9883,2.9945,2.9809,2.9941,2987975.3
2025-10-07 01:00:00+00:00,2.9941,3.0009,2.978,2.9886,3047006.6
2025-10-07 02:00:00+00:00,2.9887,2.9945,2.9785,2.9855,2901705.4
2025-10-07 03:00:00+00:00,2.9855,2.9898,2.9766,2.986,2742674.1
2025-10-07 04:00:00+00:00,2.986,2.9958,2.975,2.9925,4274830.6
2025-10-07 05:00:00+00:00,2.9925,3.0012,2.9867,2.9911,3646931.6
2025-10-07 06:00:00+00:00,2.9911,2.9911,2.9656,2.9676,7780131.4
2025-10-07 07:00:00+00:00,2.9677,2.9741,2.9618,2.9716,3602334.2
2025-10-07 08:00:00+00:00,2.9716,2.9725,2.9546,2.9647,5976054.9
2025-10-07 09:00:00+00:00,2.9646,2.9741,2.964,2.9726,3048166.2
2025-10-07 10:00:00+00:00,2.9726,2.9804,2.9681,2.9765,3324977.0
2025-10-07 11:00:00+00:00,2.9765,2.9797,2.9694,2.9705,4681746.9
2025-10-07 12:00:00+00:00,2.9705,2.9917,2.9673,2.9862,4671689.3
2025-10-07 13:00:00+00:00,2.9863,2.9913,2.9379,2.954,14358218.1
2025-10-07 14:00:00+00:00,2.954,2.9566,2.9029,2.9098,18186918.1
2025-10-07 15:00:00+00:00,2.9098,2.9169,2.85,2.8847,20387180.0
2025-10-07 16:00:00+00:00,2.8847,2.904,2.8726,2.889,12000564.5
2025-10-07 17:00:00+00:00,2.8889,2.8942,2.8776,2.8777,5912802.1
2025-10-07 18:00:00+00:00,2.8777,2.8818,2.8596,2.86,5059971.4
2025-10-07 19:00:00+00:00,2.86,2.8723,2.8489,2.8568,7134307.2
2025-10-07 20:00:00+00:00,2.8569,2.8816,2.8546,2.8719,5439309.3
2025-10-07 21:00:00+00:00,2.872,2.8813,2.8662,2.8728,3312710.5
2025-10-07 22:00:00+00:00,2.8728,2.8768,2.8625,2.867,2977766.0
2025-10-07 23:00:00+00:00,2.8671,2.8673,2.8497,2.852,4249005.9
2025-10-08 00:00:00+00:00,2.8521,2.8767,2.8515,2.8696,6177117.0
2025-10-08 01:00:00+00:00,2.8697,2.8758,2.8644,2.8717,2568452.1
2025-10-08 02:00:00+00:00,2.8717,2.8792,2.8665,2.8693,2750920.7
2025-10-08 03:00:00+00:00,2.8692,2.8692,2.8374,2.8464,5544133.3
2025-10-08 04:00:00+00:00,2.8465,2.8641,2.8303,2.8623,3828748.9
2025-10-08 05:00:00+00:00,2.8624,2.8624,2.8455,2.8553,3383016.3
2025-10-08 06:00:00+00:00,2.8553,2.8636,2.8426,2.8615,3563919.9
2025-10-08 07:00:00+00:00,2.8615,2.8631,2.8484,2.858,4175573.0
2025-10-08 08:00:00+00:00,2.8579,2.8783,2.8561,2.8683,4465635.3
2025-10-08 09:00:00+00:00,2.8682,2.8721,2.8624,2.8698,3229388.6
2025-10-08 10:00:00+00:00,2.8697,2.8786,2.8659,2.8773,3475784.2
2025-10-08 11:00:00+00:00,2.8773,2.881,2.8706,2.8762,3102356.1
2025-10-08 12:00:00+00:00,2.8761,2.8823,2.8705,2.8747,3326334.5
2025-10-08 13:00:00+00:00,2.8746,2.879,2.8517,2.8734,4548059.4
2025-10-08 14:00:00+00:00,2.8733,2.8937,2.8572,2.8622,5119300.5
2025-10-08 15:00:00+00:00,2.8622,2.8729,2.8602,2.866,2113635.0
2025-10-08 16:00:00+00:00,2.8661,2.8841,2.8627,2.8836,3383800.7
2025-10-08 17:00:00+00:00,2.8836,2.9248,2.8818,2.9193,7360554.8
2025-10-08 18:00:00+00:00,2.9193,2.9223,2.9028,2.9079,3399635.2
2025-10-08 19:00:00+00:00,2.9078,2.9131,2.8976,2.9093,2953530.9
2025-10-08 20:00:00+00:00,2.9093,2.9119,2.8915,2.8929,1806921.0
2025-10-08 21:00:00+00:00,2.8929,2.9035,2.8924,2.8967,1326555.4
2025-10-08 22:00:00+00:00,2.8966,2.9011,2.8946,2.8947,1244862.5
2025-10-08 23:00:00+00:00,2.8948,2.8954,2.8763,2.8797,3255671.7
2025-10-09 00:00:00+00:00,2.8797,2.8801,2.8644,2.8667,4628277.7
2025-10-09 01:00:00+00:00,2.8666,2.8674,2.8505,2.8581,4081206.2
2025-10-09 02:00:00+00:00,2.8581,2.8595,2.8244,2.8297,6198641.3
2025-10-09 03:00:00+00:00,2.8297,2.846,2.8291,2.8443,3266624.5
2025-10-09 04:00:00+00:00,2.8444,2.8487,2.8367,2.846,2104343.3
2025-10-09 05:00:00+00:00,2.846,2.8467,2.826,2.8337,4467478.9
2025-10-09 06:00:00+00:00,2.8337,2.834,2.8187,2.8238,5124082.5
2025-10-09 07:00:00+00:00,2.8237,2.8304,2.8136,2.8172,3116377.2
2025-10-09 08:00:00+00:00,2.8172,2.8198,2.786,2.7878,10731963.1
2025-10-09 09:00:00+00:00,2.7878,2.8105,2.7878,2.8086,5887938.3
2025-10-09 10:00:00+00:00,2.8086,2.8195,2.8016,2.8109,4898328.6
2025-10-09 11:00:00+00:00,2.8108,2.8282,2.8108,2.8263,3853621.3
2025-10-09 12:00:00+00:00,2.8262,2.8407,2.8227,2.8306,4509754.4
2025-10-09 13:00:00+00:00,2.8305,2.8341,2.8118,2.8158,4909636.0
2025-10-09 14:00:00+00:00,2.8158,2.8224,2.7897,2.8127,8276822.2
2025-10-09 15:00:00+00:00,2.8127,2.8258,2.7946,2.8024,4512779.6
2025-10-09 16:00:00+00:00,2.8024,2.8096,2.7714,2.7782,6578792.5
2025-10-09 17:00:00+00:00,2.7781,2.8062,2.775,2.8053,5622097.4
2025-10-09 18:00:00+00:00,2.8053,2.8092,2.7833,2.7847,4171518.9
2025-10-09 19:00:00+00:00,2.7848,2.8018,2.7746,2.7889,3694118.7
2025-10-09 20:00:00+00:00,2.789,2.7972,2.7836,2.7951,2997034.3
2025-10-09 21:00:00+00:00,2.795,2.8019,2.7864,2.7982,2252234.1
2025-10-09 22:00:00+00:00,2.7983,2.8169,2.7973,2.8147,2662188.0
2025-10-09 23:00:00+00:00,2.8148,2.8157,2.8018,2.8021,1691053.9
2025-10-10 00:00:00+00:00,2.8021,2.8178,2.8006,2.8111,2126768.6
2025-10-10 01:00:00+00:00,2.8111,2.8177,2.8058,2.8097,2049819.4
2025-10-10 02:00:00+00:00,2.8097,2.8117,2.7923,2.7972,3842118.2
2025-10-10 03:00:00+00:00,2.7973,2.8297,2.7905,2.8129,3694468.4
2025-10-10 04:00:00+00:00,2.813,2.8235,2.8083,2.8145,3213392.6
2025-10-10 05:00:00+00:00,2.8145,2.8305,2.8043,2.8265,1959937.9
2025-10-10 06:00:00+00:00,2.8265,2.8308,2.8107,2.8159,2178450.2
2025-10-10 07:00:00+00:00,2.816,2.8178,2.7991,2.8033,3487250.1
2025-10-10 08:00:00+00:00,2.8032,2.822,2.7986,2.8201,1544102.1
2025-10-10 09:00:00+00:00,2.82,2.8308,2.8123,2.8135,2482322.7
2025-10-10 10:00:00+00:00,2.8134,2.8204,2.8081,2.8189,2131687.5
2025-10-10 11:00:00+00:00,2.8189,2.8224,2.8161,2.8186,1527370.3
2025-10-10 12:00:00+00:00,2.8187,2.8215,2.8102,2.8186,2117637.2
2025-10-10 13:00:00+00:00,2.8187,2.8372,2.8176,2.8262,3699464.4
2025-10-10 14:00:00+00:00,2.8262,2.8346,2.7943,2.8,6577895.1
2025-10-10 15:00:00+00:00,2.8,2.802,2.7131,2.7417,38269903.8
2025-10-10 16:00:00+00:00,2.7417,2.7647,2.7273,2.7296,13558701.2
2025-10-10 17:00:00+00:00,2.7295,2.7335,2.7111,2.7234,9955155.1
2025-10-10 18:00:00+00:00,2.7234,2.7322,2.7042,2.7081,6411603.4
2025-10-10 19:00:00+00:00,2.708,2.7129,2.6356,2.6768,28606769.9
2025-10-10 20:00:00+00:00,2.6768,2.698,2.41,2.494,44932425.7
2025-10-10 21:00:00+00:00,2.496,2.551,1.2543,2.3251,200655232.9
2025-10-10 22:00:00+00:00,2.3251,2.38,2.1002,2.3525,128191526.2
2025-10-10 23:00:00+00:00,2.3527,2.4496,2.3112,2.3704,79619221.8
2025-10-11 00:00:00+00:00,2.3704,2.418,2.3,2.3864,46924901.5
2025-10-11 01:00:00+00:00,2.3864,2.3878,2.3058,2.3336,26868294.5
2025-10-11 02:00:00+00:00,2.3336,2.459,2.3304,2.4359,30631450.0
2025-10-11 03:00:00+00:00,2.436,2.4431,2.36,2.3974,26147066.9
2025-10-11 04:00:00+00:00,2.3974,2.448,2.3949,2.4437,14922808.2
2025-10-11 05:00:00+00:00,2.4438,2.4498,2.3901,2.4038,17300443.0
2025-10-11 06:00:00+00:00,2.4038,2.4516,2.4,2.4233,15221772.4
2025-10-11 07:00:00+00:00,2.4234,2.4429,2.3976,2.4115,19276048.0
2025-10-11 08:00:00+00:00,2.4115,2.4893,2.3993,2.4849,15974846.1
2025-10-11 09:00:00+00:00,2.4848,2.5061,2.4662,2.4695,14695882.3
2025-10-11 10:00:00+00:00,2.4695,2.4851,2.4536,2.4778,10710415.6
2025-10-11 11:00:00+00:00,2.4779,2.4846,2.4424,2.4773,9765026.7
2025-10-11 12:00:00+00:00,2.4772,2.4856,2.4308,2.4461,12092675.9
2025-10-11 13:00:00+00:00,2.4461,2.4603,2.4152,2.4502,14286472.0
2025-10-11 14:00:00+00:00,2.4502,2.4593,2.4226,2.4585,10195087.2
2025-10-11 15:00:00+00:00,2.4584,2.487,2.4574,2.4783,7059739.3
2025-10-11 16:00:00+00:00,2.4783,2.4928,2.4629,2.4761,7335409.8
2025-10-11 17:00:00+00:00,2.476,2.492,2.4722,2.4799,4941092.2
2025-10-11 18:00:00+00:00,2.4798,2.4807,2.4631,2.4695,3266118.2
2025-10-11 19:00:00+00:00,2.4694,2.4697,2.383,2.4097,14405839.0
2025-10-11 20:00:00+00:00,2.4096,2.4118,2.3358,2.3538,20214243.8
2025-10-11 21:00:00+00:00,2.3539,2.3879,2.3228,2.3862,19213867.5
2025-10-11 22:00:00+00:00,2.3861,2.407,2.38,2.3963,9472255.8
2025-10-11 23:00:00+00:00,2.3962,2.4009,2.3766,2.3819,6594832.1
2025-10-12 00:00:00+00:00,2.3819,2.3871,2.3379,2.3418,6518190.8
2025-10-12 01:00:00+00:00,2.3419,2.358,2.3242,2.3277,11669111.2
2025-10-12 02:00:00+00:00,2.3278,2.3518,2.3121,2.3263,12110959.0
2025-10-12 03:00:00+00:00,2.3262,2.369,2.3215,2.3417,10444990.9
2025-10-12 04:00:00+00:00,2.3417,2.3775,2.3399,2.3627,9267718.7
2025-10-12 05:00:00+00:00,2.3626,2.379,2.3494,2.3736,4541877.3
2025-10-12 06:00:00+00:00,2.3735,2.4006,2.3692,2.3899,5491077.9
2025-10-12 07:00:00+00:00,2.3899,2.3969,2.3749,2.3897,4450729.8
2025-10-12 08:00:00+00:00,2.3897,2.4019,2.3822,2.383,3756708.8
2025-10-12 09:00:00+00:00,2.383,2.4036,2.369,2.4014,6359898.2
2025-10-12 10:00:00+00:00,2.4015,2.411,2.3847,2.3882,5251134.1
2025-10-12 11:00:00+00:00,2.3883,2.406,2.3881,2.3975,7581174.9
2025-10-12 12:00:00+00:00,2.3974,2.4213,2.397,2.4067,6573450.4
2025-10-12 13:00:00+00:00,2.4068,2.4152,2.3717,2.3757,9787001.9
2025-10-12 14:00:00+00:00,2.3758,2.4797,2.3615,2.4411,25750134.6
2025-10-12 15:00:00+00:00,2.4411,2.5145,2.4367,2.4885,29811433.6
2025-10-12 16:00:00+00:00,2.4884,2.5421,2.4879,2.5184,22544743.2
2025-10-12 17:00:00+00:00,2.5185,2.5451,2.5021,2.5287,14369408.4
2025-10-12 18:00:00+00:00,2.5287,2.5416,2.5036,2.513,7465411.3
2025-10-12 19:00:00+00:00,2.5131,2.552,2.5122,2.5473,6421627.5
2025-10-12 20:00:00+00:00,2.5472,2.5841,2.545,2.5585,10302309.9
2025-10-12 21:00:00+00:00,2.5584,2.5686,2.5119,2.5448,8245240.9
2025-10-12 22:00:00+00:00,2.5448,2.56,2.5159,2.5324,12869870.3
2025-10-12 23:00:00+00:00,2.5324,2.5352,2.5081,2.5282,6681319.5
2025-10-13 00:00:00+00:00,2.5283,2.5486,2.5143,2.5286,8817094.1
2025-10-13 01:00:00+00:00,2.5286,2.5495,2.5125,2.5494,7556086.5
2025-10-13 02:00:00+00:00,2.5494,2.5612,2.532,2.5586,11493189.5
2025-10-13 03:00:00+00:00,2.5585,2.574,2.546,2.5508,8854431.5
2025-10-13 04:00:00+00:00,2.5508,2.5807,2.5464,2.5769,7133076.6
2025-10-13 05:00:00+00:00,2.5769,2.5791,2.5402,2.5494,5867374.0
2025-10-13 06:00:00+00:00,2.5495,2.6093,2.5337,2.6052,9326719.9
2025-10-13 07:00:00+00:00,2.6053,2.6372,2.5967,2.6213,10613874.5
2025-10-13 08:00:00+00:00,2.6214,2.6426,2.6068,2.6338,9974641.3
2025-10-13 09:00:00+00:00,2.6337,2.6383,2.6163,2.622,7258411.2
2025-10-13 10:00:00+00:00,2.6219,2.6235,2.5912,2.6007,6779685.5
2025-10-13 11:00:00+00:00,2.6006,2.6036,2.5352,2.5692,15606296.4
2025-10-13 12:00:00+00:00,2.5691,2.591,2.5555,2.5693,7867518.9
2025-10-13 13:00:00+00:00,2.5693,2.6163,2.5507,2.6037,24156929.0
2025-10-13 14:00:00+00:00,2.6036,2.6129,2.5532,2.5574,12002572.4
2025-10-13 15:00:00+00:00,2.5573,2.5967,2.5553,2.5873,6769179.7
2025-10-13 16:00:00+00:00,2.5873,2.6008,2.5705,2.5931,9250648.5
2025-10-13 17:00:00+00:00,2.5932,2.626,2.5821,2.6227,10410263.2
2025-10-13 18:00:00+00:00,2.6228,2.63,2.6002,2.6111,8090887.7
2025-10-13 19:00:00+00:00,2.6111,2.6397,2.6041,2.6247,6778827.5
2025-10-13 20:00:00+00:00,2.6247,2.6447,2.62,2.644,6031351.1
2025-10-13 21:00:00+00:00,2.644,2.646,2.6123,2.6165,5755526.9
2025-10-13 22:00:00+00:00,2.6165,2.6233,2.6057,2.6088,4937991.2
2025-10-13 23:00:00+00:00,2.6087,2.6138,2.5975,2.6052,4511496.6
2025-10-14 00:00:00+00:00,2.6052,2.6208,2.5957,2.6073,5925264.8
2025-10-14 01:00:00+00:00,2.6072,2.6108,2.5826,2.5872,7259897.4
2025-10-14 02:00:00+00:00,2.5871,2.588,2.563,2.5735,10677779.5
2025-10-14 03:00:00+00:00,2.5735,2.5746,2.55,2.5606,7412919.5
2025-10-14 04:00:00+00:00,2.5605,2.5655,2.5175,2.5262,8973284.9
2025-10-14 05:00:00+00:00,2.5262,2.5411,2.4963,2.5054,10621818.2
2025-10-14 06:00:00+00:00,2.5054,2.5189,2.4178,2.4658,21742730.7
2025-10-14 07:00:00+00:00,2.4658,2.481,2.4401,2.4524,17132846.1
2025-10-14 08:00:00+00:00,2.4524,2.4749,2.4376,2.4636,7728686.2
2025-10-14 09:00:00+00:00,2.4637,2.4753,2.456,2.4616,4628208.1
2025-10-14 10:00:00+00:00,2.4615,2.4617,2.412,2.4403,11366102.3
2025-10-14 11:00:00+00:00,2.4403,2.4644,2.4383,2.4517,6390610.3
2025-10-14 12:00:00+00:00,2.4518,2.4526,2.4147,2.4192,12394877.6
2025-10-14 13:00:00+00:00,2.4192,2.4437,2.3888,2.4318,18007485.7
2025-10-14 14:00:00+00:00,2.4317,2.4636,2.4273,2.4466,11718944.9
2025-10-14 15:00:00+00:00,2.4467,2.4991,2.437,2.4974,12545320.0
2025-10-14 16:00:00+00:00,2.4975,2.5362,2.4825,2.5032,17081875.6
2025-10-14 17:00:00+00:00,2.5031,2.527,2.475,2.5054,10340393.0
2025-10-14 18:00:00+00:00,2.5054,2.5265,2.4943,2.5025,7615474.4
2025-10-14 19:00:00+00:00,2.5025,2.5177,2.4611,2.4837,13501071.2
2025-10-14 20:00:00+00:00,2.4837,2.4965,2.4751,2.4905,5052707.2
2025-10-14 21:00:00+00:00,2.4904,2.4974,2.4754,2.4953,3511747.0
2025-10-14 22:00:00+00:00,2.4953,2.5087,2.49,2.498,3163998.5
2025-10-14 23:00:00+00:00,2.4981,2.5127,2.4976,2.5033,1623416.5
2025-10-15 00:00:00+00:00,2.5033,2.5088,2.4855,2.5052,2599033.6
2025-10-15 01:00:00+00:00,2.5052,2.5065,2.4848,2.4997,2558381.2
2025-10-15 02:00:00+00:00,2.4997,2.526,2.4974,2.5114,4390820.1
2025-10-15 03:00:00+00:00,2.5114,2.5134,2.4795,2.4881,4001859.0
2025-10-15 04:00:00+00:00,2.4881,2.499,2.4801,2.4986,3261371.4
2025-10-15 05:00:00+00:00,2.4986,2.5094,2.49,2.4999,2283737.8
2025-10-15 06:00:00+00:00,2.4999,2.509,2.4794,2.5026,3770973.9
2025-10-15 07:00:00+00:00,2.5025,2.5083,2.494,2.507,3174583.4
2025-10-15 08:00:00+00:00,2.5069,2.5475,2.5052,2.5185,11723237.6
2025-10-15 09:00:00+00:00,2.5186,2.5231,2.495,2.501,9337003.2
2025-10-15 10:00:00+00:00,2.501,2.507,2.4926,2.4972,3592665.3
2025-10-15 11:00:00+00:00,2.4971,2.5055,2.4775,2.4928,4734894.3
2025-10-15 12:00:00+00:00,2.4928,2.5035,2.4826,2.5019,5948826.1
2025-10-15 13:00:00+00:00,2.5018,2.5021,2.4552,2.484,13570070.9
2025-10-15 14:00:00+00:00,2.4841,2.5118,2.4531,2.465,8867885.2
2025-10-15 15:00:00+00:00,2.465,2.476,2.4237,2.4333,16358646.6
2025-10-15 16:00:00+00:00,2.4333,2.4491,2.431,2.4323,7459931.9
2025-10-15 17:00:00+00:00,2.4324,2.4345,2.4124,2.434,6968154.7
2025-10-15 18:00:00+00:00,2.4339,2.4425,2.4216,2.4412,3957526.0
2025-10-15 19:00:00+00:00,2.4411,2.4414,2.4022,2.4053,4421048.0
2025-10-15 20:00:00+00:00,2.4054,2.4207,2.3798,2.3977,10295653.4
2025-10-15 21:00:00+00:00,2.3976,2.4165,2.3754,2.3977,8479100.6
2025-10-15 22:00:00+00:00,2.3978,2.4164,2.3962,2.4043,3085647.5
2025-10-15 23:00:00+00:00,2.4042,2.4173,2.3988,2.4109,2752359.5
2025-10-16 00:00:00+00:00,2.411,2.4155,2.3996,2.4067,5055879.0
2025-10-16 01:00:00+00:00,2.4067,2.4267,2.4057,2.4242,3151896.1
2025-10-16 02:00:00+00:00,2.4243,2.4354,2.4128,2.4272,5475345.4
2025-10-16 03:00:00+00:00,2.4273,2.432,2.4165,2.4182,4337414.0
2025-10-16 04:00:00+00:00,2.4181,2.43,2.4091,2.4112,3619647.8
2025-10-16 05:00:00+00:00,2.4111,2.4229,2.3973,2.4062,6763245.8
2025-10-16 06:00:00+00:00,2.4062,2.4333,2.4057,2.4278,4694532.6
2025-10-16 07:00:00+00:00,2.4279,2.4297,2.4063,2.4104,3663314.4
2025-10-16 08:00:00+00:00,2.4104,2.4139,2.3857,2.3945,5667596.2
2025-10-16 09:00:00+00:00,2.3945,2.4303,2.3533,2.423,18363583.8
2025-10-16 10:00:00+00:00,2.4229,2.4528,2.4221,2.4495,6380125.7
2025-10-16 11:00:00+00:00,2.4494,2.4573,2.4322,2.4524,3781830.7
2025-10-16 12:00:00+00:00,2.4524,2.4665,2.4475,2.4535,4465764.0
2025-10-16 13:00:00+00:00,2.4535,2.4578,2.4306,2.4382,4481660.9
2025-10-16 14:00:00+00:00,2.4382,2.4403,2.3885,2.4054,20509100.1
2025-10-16 15:00:00+00:00,2.4054,2.4182,2.3375,2.3554,17675335.5
2025-10-16 16:00:00+00:00,2.3553,2.3989,2.3454,2.3986,14816783.6
2025-10-16 17:00:00+00:00,2.3986,2.3987,2.3623,2.367,6996880.2
2025-10-16 18:00:00+00:00,2.367,2.3675,2.3321,2.3516,9766336.9
2025-10-16 19:00:00+00:00,2.3515,2.3576,2.3078,2.3271,14097937.7
2025-10-16 20:00:00+00:00,2.3271,2.3361,2.2833,2.2944,15052062.6
2025-10-16 21:00:00+00:00,2.2944,2.3227,2.2938,2.322,8336334.7
2025-10-16 22:00:00+00:00,2.3219,2.3254,2.3,2.3007,4415933.2
2025-10-16 23:00:00+00:00,2.3008,2.3315,2.2974,2.328,4879345.4
2025-10-17 00:00:00+00:00,2.328,2.3406,2.3199,2.3388,3363130.1
2025-10-17 01:00:00+00:00,2.3389,2.4,2.3371,2.3563,14627168.1
2025-10-17 02:00:00+00:00,2.3563,2.3659,2.3371,2.3577,6394771.1
2025-10-17 03:00:00+00:00,2.3577,2.3678,2.3489,2.3584,4771555.8
2025-10-17 04:00:00+00:00,2.3584,2.36,2.3469,2.3478,4914854.7
2025-10-17 05:00:00+00:00,2.3479,2.355,2.3313,2.3324,6098854.1
2025-10-17 06:00:00+00:00,2.3325,2.3457,2.2743,2.2935,15112773.8
2025-10-17 07:00:00+00:00,2.2934,2.2987,2.2319,2.2391,36654887.8
2025-10-17 08:00:00+00:00,2.2391,2.2512,2.2023,2.2157,29481914.6
2025-10-17 09:00:00+00:00,2.2156,2.2602,2.2097,2.226,10465955.3
2025-10-17 10:00:00+00:00,2.2259,2.238,2.1901,2.2266,11863694.5
2025-10-17 11:00:00+00:00,2.2266,2.2967,2.2253,2.2831,15556010.5
2025-10-17 12:00:00+00:00,2.2831,2.3049,2.2789,2.279,7813749.8
2025-10-17 13:00:00+00:00,2.279,2.2997,2.254,2.2848,11055196.8
2025-10-17 14:00:00+00:00,2.2848,2.2912,2.2403,2.2607,11386002.4
2025-10-17 15:00:00+00:00,2.2606,2.3021,2.2585,2.3008,8026496.6
2025-10-17 16:00:00+00:00,2.3009,2.3277,2.2822,2.2922,10609130.6
2025-10-17 17:00:00+00:00,2.2922,2.3,2.2775,2.2928,4240023.5
2025-10-17 18:00:00+00:00,2.2928,2.318,2.2926,2.3044,3893883.5
2025-10-17 19:00:00+00:00,2.3045,2.315,2.2914,2.297,3042523.6
2025-10-17 20:00:00+00:00,2.2971,2.3204,2.296,2.311,3189721.2
2025-10-17 21:00:00+00:00,2.3111,2.3372,2.3097,2.3348,3509009.9
2025-10-17 22:00:00+00:00,2.3348,2.3416,2.3127,2.3176,4170858.8
2025-10-17 23:00:00+00:00,2.3176,2.3176,2.2914,2.2936,3395965.9
2025-10-18 00:00:00+00:00,2.2936,2.3188,2.2894,2.3097,2890360.2
2025-10-18 01:00:00+00:00,2.3098,2.3364,2.3078,2.3343,2598248.8
2025-10-18 02:00:00+00:00,2.3344,2.3416,2.3181,2.3227,4124663.6
2025-10-18 03:00:00+00:00,2.3227,2.3436,2.3227,2.3389,2113493.1
2025-10-18 04:00:00+00:00,2.3389,2.3396,2.3177,2.3188,2359595.7
2025-10-18 05:00:00+00:00,2.3188,2.3355,2.3155,2.3328,1881830.8
2025-10-18 06:00:00+00:00,2.3327,2.3524,2.3316,2.3506,2666552.1
2025-10-18 07:00:00+00:00,2.3506,2.3758,2.3496,2.3539,8149868.6
2025-10-18 08:00:00+00:00,2.354,2.3598,2.347,2.3483,2489701.1
2025-10-18 09:00:00+00:00,2.3483,2.3648,2.347,2.3576,3795014.9
2025-10-18 10:00:00+00:00,2.3576,2.368,2.3477,2.3606,2275826.5
2025-10-18 11:00:00+00:00,2.3606,2.3795,2.3568,2.3789,3313049.3
2025-10-18 12:00:00+00:00,2.3788,2.3915,2.37,2.3754,3839500.1
2025-10-18 13:00:00+00:00,2.3755,2.3759,2.3561,2.363,3231692.4
2025-10-18 14:00:00+00:00,2.363,2.3716,2.3522,2.3612,4181962.4
2025-10-18 15:00:00+00:00,2.3612,2.3661,2.3403,2.3488,4036395.1
2025-10-18 16:00:00+00:00,2.3488,2.3546,2.3332,2.3456,3392242.3
2025-10-18 17:00:00+00:00,2.3455,2.3701,2.3423,2.3683,2347591.0
2025-10-18 18:00:00+00:00,2.3683,2.3715,2.3577,2.362,1530471.1
2025-10-18 19:00:00+00:00,2.3619,2.3705,2.3565,2.3669,1528594.1
2025-10-18 20:00:00+00:00,2.367,2.3746,2.3563,2.359,2517804.5
2025-10-18 21:00:00+00:00,2.359,2.3659,2.3506,2.3637,1940553.1
2025-10-18 22:00:00+00:00,2.3637,2.3669,2.3576,2.3615,1325060.2
2025-10-18 23:00:00+00:00,2.3614,2.363,2.3569,2.3596,1501194.2
2025-10-19 00:00:00+00:00,2.3596,2.3622,2.3401,2.3455,2271077.1
2025-10-19 01:00:00+00:00,2.3454,2.3507,2.336,2.3494,1548622.2
2025-10-19 02:00:00+00:00,2.3495,2.3511,2.3393,2.343,1202536.9
2025-10-19 03:00:00+00:00,2.343,2.3688,2.3372,2.3687,2374845.5
2025-10-19 04:00:00+00:00,2.3686,2.3697,2.3541,2.3574,1179882.1
2025-10-19 05:00:00+00:00,2.3575,2.3666,2.348,2.3528,1885325.2
2025-10-19 06:00:00+00:00,2.3528,2.3563,2.3418,2.3497,1426750.4
2025-10-19 07:00:00+00:00,2.3498,2.3551,2.3435,2.3484,1461766.2
2025-10-19 08:00:00+00:00,2.3483,2.3705,2.3274,2.3325,6565825.2
2025-10-19 09:00:00+00:00,2.3325,2.3828,2.3177,2.3627,9825940.2
2025-10-19 10:00:00+00:00,2.3628,2.3927,2.3537,2.3854,7202724.2
2025-10-19 11:00:00+00:00,2.3854,2.3984,2.3715,2.3751,5690747.3
2025-10-19 12:00:00+00:00,2.3751,2.3797,2.3622,2.372,2894181.2
2025-10-19 13:00:00+00:00,2.3721,2.4049,2.3658,2.4029,4389462.8
2025-10-19 14:00:00+00:00,2.403,2.415,2.3908,2.4128,6896075.1
2025-10-19 15:00:00+00:00,2.4128,2.4142,2.392,2.4008,5676679.8
2025-10-19 16:00:00+00:00,2.4008,2.4084,2.3882,2.3999,3127964.7
2025-10-19 17:00:00+00:00,2.3999,2.4195,2.3928,2.3966,6209647.7
2025-10-19 18:00:00+00:00,2.3967,2.4126,2.3958,2.409,2711788.0
2025-10-19 19:00:00+00:00,2.409,2.409,2.3931,2.3991,2376498.8
2025-10-19 20:00:00+00:00,2.3992,2.4079,2.3958,2.4059,2191996.2
2025-10-19 21:00:00+00:00,2.4059,2.4077,2.3868,2.3965,2754469.3
2025-10-19 22:00:00+00:00,2.3965,2.4096,2.3963,2.4023,2337001.1
2025-10-19 23:00:00+00:00,2.4024,2.4026,2.3864,2.3908,1849196.8
2025-10-20 00:00:00+00:00,2.3907,2.3907,2.3547,2.38,4762618.9
2025-10-20 01:00:00+00:00,2.38,2.3847,2.3674,2.3722,3377442.6
2025-10-20 02:00:00+00:00,2.3721,2.3952,2.3642,2.3862,4149222.8
2025-10-20 03:00:00+00:00,2.3862,2.4412,2.3814,2.4344,5093276.2
